,r_1589
pmet_r_0001[c],1.3587857411361384
pmet_r_0002[m],0.0
pmet_r_0004[c],0.0
pmet_r_0005[c],0.1273621139491439
pmet_r_0016[m],0.0447647963828527
pmet_r_0018[c],0.0333156568903647
pmet_r_0018_REV[c],0.0331693629762004
pmet_r_0020[m],0.0
pmet_r_0024[c],0.0037494515911865
pmet_r_0026[c],0.0
pmet_r_0033[c],0.0
pmet_r_0042[c],2.390568505376312
pmet_r_0043[c],0.0
pmet_r_0062[c],0.0
pmet_r_0064[c],0.0
pmet_r_0073[c],0.0
pmet_r_0073_REV[c],0.0
pmet_r_0076[c],0.0
pmet_r_0078[c],0.0
pmet_r_0080[c],0.0356198967200752
pmet_r_0090[c],0.0
pmet_r_0091[c],0.356889019457318
pmet_r_0092[c],0.0
pmet_r_0092_REV[c],0.0
pmet_r_0095[c],0.0
pmet_r_0097[m],0.1303217130150631
pmet_r_0112[c],0.1765670944682706
pmet_r_0116[e],0.0
pmet_r_0127[erm],0.0008777508005101
pmet_r_0127_REV[erm],0.0008738964685757
pmet_r_0132[erm],0.0
pmet_r_0132_REV[erm],0.0
pmet_r_0139[c],0.0
pmet_r_0148[c],1.4477473846514148
pmet_r_0158[c],0.0
pmet_r_0159[c],0.0
pmet_r_0160[c],0.0
pmet_r_0161[c],0.0
pmet_r_0162[c],0.0
pmet_r_0164[c],0.0
pmet_r_0165[m],0.0
pmet_r_0166[c],0.0
pmet_r_0167[m],0.0
pmet_r_0168[c],0.0
pmet_r_0169[c],2.453107176089194
pmet_r_0170[m],0.0
pmet_r_0171[c],0.0
pmet_r_0172[c],0.0
pmet_r_0175[m],0.0057524896545997
pmet_r_0178[m],0.0
pmet_r_0179[c],0.0
pmet_r_0180[m],0.0
pmet_r_0181[c],0.0
pmet_r_0182[c],0.0
pmet_r_0183[m],0.0
pmet_r_0184[c],0.0
pmet_r_0185[c],0.0
pmet_r_0186[c],0.0
pmet_r_0187[m],1.1240328336665646e-08
pmet_r_0192[g],0.0
pmet_r_0193[v],0.0
pmet_r_0195[c],0.023527947411824
pmet_r_0198[c],0.0
pmet_r_0199[c],0.0
pmet_r_0211[c],0.0236252549061017
pmet_r_0226[m],0.1161485093135179
pmet_r_0227[c],0.0
pmet_r_0252[c],0.058411421427771
pmet_r_0263[er],0.0
pmet_r_0264[er],0.0
pmet_r_0265[er],0.0
pmet_r_0266[er],0.0
pmet_r_0271[c],0.0
pmet_r_0272[c],0.0
pmet_r_0281[lp],0.0
pmet_r_0282[lp],0.0
pmet_r_0283[lp],0.0
pmet_r_0284[lp],0.0
pmet_r_0285[lp],0.0
pmet_r_0286[lp],0.0
pmet_r_0287[lp],0.0
pmet_r_0288[lp],0.0
pmet_r_0289[lp],0.0
pmet_r_0290[lp],0.0
pmet_r_0291[lp],0.0
pmet_r_0292[lp],0.0
pmet_r_0293[lp],0.0
pmet_r_0294[lp],0.0
pmet_r_0294_REV[lp],0.0
pmet_r_0295[lp],0.0
pmet_r_0295_REV[lp],0.0
pmet_r_0296[lp],0.0
pmet_r_0297[lp],0.0
pmet_r_0298[lp],0.0
pmet_r_0299[lp],0.0
pmet_r_0300[m],0.2658459387564451
pmet_r_0306[c],0.0
pmet_r_0307[c],0.0080518137358731
pmet_r_0308[c],0.0
pmet_r_0323[c],0.0
pmet_r_0354[c],0.0
pmet_r_0362[er],0.1209684720115536
pmet_r_0364[c],0.0012537070103332
pmet_r_0366[c],5.705197439341377
pmet_r_0366_REV[c],0.0
pmet_r_0368[c],0.0
pmet_r_0370[e],0.0
pmet_r_0437[m],0.0
pmet_r_0438[m],0.4951295804731038
pmet_r_0448[c],0.0
pmet_r_0471[c],1.2299003408614309
pmet_r_0475[c],0.0
pmet_r_0477[c],0.0
pmet_r_0481[c],0.0
pmet_r_0483[c],0.0
pmet_r_0483_REV[c],0.0
pmet_r_0486[c],5.853978328387499
pmet_r_0486_REV[c],0.0
pmet_r_0489[c],0.0
pmet_r_0491[c],0.0118174760945457
pmet_r_0505[m],0.0
pmet_r_0510[c],0.0906933010777207
pmet_r_0512[c],0.0674606995988642
pmet_r_0523[er],0.0
pmet_r_0523_REV[er],0.0
pmet_r_0530[m],2.1271565517144952e-08
pmet_r_0533[c],0.0
pmet_r_0534[c],0.1577358450673573
pmet_r_0535[c],0.0
pmet_r_0542[m],0.0664850198665651
pmet_r_0542_REV[m],0.0
pmet_r_0544[c],0.0
pmet_r_0550[c],0.0
pmet_r_0552[p],0.0
pmet_r_0558[c],0.0376488206466641
pmet_r_0561[c],2.8763874365796497e-07
pmet_r_0565[c],0.0106700343381874
pmet_r_0567[c],0.0
pmet_r_0570[c],0.0344190561489913
pmet_r_0570_REV[c],0.0
pmet_r_0680[e],0.0
pmet_r_0688[c],0.0
pmet_r_0716[c],0.0020820640852149
pmet_r_0726[c],0.0238421548409767
pmet_r_0747[g],0.0
pmet_r_0748[g],0.0
pmet_r_0749[g],0.0
pmet_r_0750[g],0.0
pmet_r_0751[g],0.0
pmet_r_0752[g],0.0
pmet_r_0753[g],0.0
pmet_r_0754[g],0.0
pmet_r_0755[g],0.0
pmet_r_0756[g],0.0
pmet_r_0757[c],0.001456991262069
pmet_r_0761[m],0.0
pmet_r_0761_REV[m],0.0
pmet_r_0765[c],0.0
pmet_r_0766[m],0.0
pmet_r_0767[n],0.0
pmet_r_0770[c],0.8496870617049063
pmet_r_0771[c],0.0006387842643979578
pmet_r_0772[m],0.0
pmet_r_0783[c],0.0
pmet_r_0784[n],0.0
pmet_r_0785[c],0.0011293623140876
pmet_r_0804[c],0.0181012676752337
pmet_r_0815[c],0.0
pmet_r_0815_REV[c],0.001533197718156
pmet_r_0820[c],0.0
pmet_r_0820_REV[c],0.0238458201432343
pmet_r_0883[c],0.0139853700895178
pmet_r_0886[c],0.0
pmet_r_0887[c],1.522867862318114
pmet_r_0888[c],0.2810665441653536
pmet_r_0888_REV[c],0.0
pmet_r_0889[c],0.356889019457318
pmet_r_0891[c],0.1487808890461216
pmet_r_0893[c],5.705197439341377
pmet_r_0893_REV[c],0.0
pmet_r_0903[c],1.283218824667056e-07
pmet_r_0906[c],0.0
pmet_r_0907[c],0.0
pmet_r_0907_REV[c],0.0
pmet_r_0912[c],0.0344190561489913
pmet_r_0912_REV[c],0.0
pmet_r_0916[c],0.0632331262050346
pmet_r_0958[c],0.7501897092061363
pmet_r_0959[c],7.679983539603758
pmet_r_0960[c],0.0
pmet_r_0962[c],10.545764073232125
pmet_r_0974[c],0.0
pmet_r_0975[n],0.0
pmet_r_0976[c],0.0
pmet_r_0977[n],0.0
pmet_r_0978[c],0.0
pmet_r_0979[n],0.0
pmet_r_0992[c],0.0
pmet_r_0993[er],0.0
pmet_r_0995[c],0.0452194794726631
pmet_r_1004[er],0.0
pmet_r_1005[er],0.0
pmet_r_1006[er],0.0
pmet_r_1007[er],0.0
pmet_r_1021[m],0.0
pmet_r_1021_REV[m],0.0
pmet_r_1031[c],0.0
pmet_r_1031_REV[c],0.0
pmet_r_1037[n],0.0
pmet_r_1038[c],0.0162180468224675
pmet_r_1039[m],0.0
pmet_r_1048[c],0.0
pmet_r_1048_REV[c],2.4598887835939447
pmet_r_1049[c],0.9370209212758308
pmet_r_1049_REV[c],0.0
pmet_r_1050[c],0.1274596236689014
pmet_r_1050_REV[c],1.326087960431581
pmet_r_1051[c],0.023527947411824
pmet_r_1077[c],0.0
pmet_r_1078[c],0.0
pmet_r_1084[c],0.2810665441653536
pmet_r_1084_REV[c],0.0
pmet_r_1095[c],0.0
pmet_r_1095_REV[c],0.0
pmet_r_1168[c],0.0
pmet_r_1168_REV[v],0.0
pmet_r_1178[e],5.646083152926164e-06
pmet_r_2115[c],8.013961231981327
pmet_r_2116[c],0.0
pmet_r_2157[erm],0.0
pmet_r_2158[erm],0.0
pmet_r_2159[erm],0.0
pmet_r_2195[erm],0.0
pmet_r_2195_REV[erm],0.0
pmet_r_2196[erm],0.0
pmet_r_2196_REV[erm],0.0
pmet_r_2197[erm],0.0
pmet_r_2197_REV[erm],0.0
pmet_r_2198[erm],0.0
pmet_r_2198_REV[erm],0.0
pmet_r_2199[erm],0.0
pmet_r_2199_REV[erm],0.0
pmet_r_2201[lp],0.0
pmet_r_2201_REV[lp],0.0
pmet_r_2202[lp],0.0
pmet_r_2202_REV[lp],0.0
pmet_r_2203[lp],0.0
pmet_r_2203_REV[lp],0.0
pmet_r_2204[lp],0.0
pmet_r_2204_REV[lp],0.0
pmet_r_2205[lp],0.0
pmet_r_2205_REV[lp],0.0
pmet_r_2308[erm],0.0053653495500194
pmet_r_2309[erm],0.0050966132693593
pmet_r_2312[erm],0.0
pmet_r_2313[erm],0.0
pmet_r_2333[erm],0.0032501863457754
pmet_r_2335[erm],0.0
pmet_r_2337[erm],0.0002428888361213
pmet_r_2339[erm],0.0
pmet_r_2340[lp],0.0
pmet_r_2341[lp],0.0
pmet_r_2342[lp],0.0
pmet_r_2343[lp],0.0
pmet_r_2368[erm],0.0
pmet_r_2369[erm],0.0
pmet_r_2370[erm],0.0
pmet_r_2371[erm],0.0
pmet_r_2372[erm],0.0
pmet_r_2373[erm],0.0
pmet_r_2374[erm],0.0
pmet_r_2375[erm],0.0
pmet_r_2376[erm],0.0
pmet_r_2377[erm],0.0
pmet_r_2378[erm],0.0014561005883436
pmet_r_2379[erm],0.0
pmet_r_2380[erm],0.0
pmet_r_2381[erm],0.0
pmet_r_2382[erm],0.0
pmet_r_2383[erm],0.0
pmet_r_2384[erm],0.0
pmet_r_2385[erm],0.0
pmet_r_2386[erm],0.0
pmet_r_2387[erm],0.0
pmet_r_2388[erm],0.0
pmet_r_2389[erm],0.0
pmet_r_2390[erm],0.0
pmet_r_2391[erm],0.0
pmet_r_2392[erm],0.0
pmet_r_2393[erm],0.0
pmet_r_2394[erm],0.0
pmet_r_2395[erm],0.0
pmet_r_2396[erm],0.0
pmet_r_2397[erm],0.0
pmet_r_2398[erm],0.0
pmet_r_2399[erm],0.0
pmet_r_2488[erm],0.002115163204244
pmet_r_2489[erm],0.0002475437419416
pmet_r_2490[erm],0.0
pmet_r_2491[erm],0.0
pmet_r_2492[erm],0.0032501863457754
pmet_r_2493[erm],0.0
pmet_r_2494[erm],0.0002428888361213
pmet_r_2495[erm],0.0
pmet_r_2528[erm],0.0
pmet_r_2529[erm],0.0
pmet_r_2530[erm],0.0
pmet_r_2531[erm],0.0
pmet_r_2532[erm],0.0
pmet_r_2533[erm],0.0
pmet_r_2534[erm],0.0
pmet_r_2535[erm],0.0
pmet_r_2820[ce],0.0
pmet_r_2821[ce],0.0
pmet_r_2822[ce],0.0
pmet_r_2823[ce],0.0
pmet_r_2824[ce],0.0
pmet_r_2825[ce],0.0
pmet_r_2826[ce],0.0
pmet_r_2827[ce],0.0
pmet_r_3046[ce],0.0
pmet_r_3047[ce],0.0
pmet_r_3048[ce],0.0
pmet_r_3049[ce],0.0
pmet_r_3050[ce],0.0
pmet_r_3051[ce],0.0
pmet_r_3052[ce],0.0
pmet_r_3053[ce],0.0
pmet_r_3054[ce],0.0
pmet_r_3055[ce],0.0
pmet_r_3056[ce],0.0
pmet_r_3057[ce],0.0
pmet_r_3058[ce],0.0
pmet_r_3059[ce],0.0
pmet_r_3060[ce],0.0
pmet_r_3061[ce],0.0
pmet_r_3062[ce],0.0
pmet_r_3063[ce],0.0
pmet_r_3064[ce],0.0
pmet_r_3065[ce],0.0
pmet_r_3066[ce],0.0
pmet_r_3067[ce],0.0
pmet_r_3068[ce],0.0
pmet_r_3069[ce],0.0
pmet_r_3112[ce],0.0
pmet_r_3113[ce],0.0
pmet_r_3114[ce],0.0
pmet_r_3115[ce],0.0
pmet_r_3116[ce],0.0
pmet_r_3117[ce],0.0
pmet_r_3118[ce],0.0
pmet_r_3119[ce],0.0
pmet_r_3120[c],0.0
pmet_r_3121[c],0.0
pmet_r_3122[c],0.0
pmet_r_3123[c],0.0
pmet_r_3124[c],0.0
pmet_r_3125[c],0.0
pmet_r_3126[c],0.0
pmet_r_3127[c],0.0
pmet_r_3144[ce],0.0
pmet_r_3145[ce],0.0
pmet_r_3146[ce],0.0
pmet_r_3147[ce],0.0
pmet_r_3148[ce],0.0
pmet_r_3149[ce],0.0
pmet_r_3150[ce],0.0
pmet_r_3151[ce],0.0
pmet_r_3152[c],0.0
pmet_r_3153[c],0.0
pmet_r_3154[c],0.0
pmet_r_3155[c],0.0
pmet_r_3156[c],0.0
pmet_r_3157[c],0.0
pmet_r_3158[c],0.0
pmet_r_3159[c],0.0
pmet_r_3176[ce],0.0
pmet_r_3177[ce],0.0
pmet_r_3178[ce],0.0
pmet_r_3179[ce],0.0
pmet_r_3180[ce],0.0
pmet_r_3181[ce],0.0
pmet_r_3182[ce],0.0
pmet_r_3183[ce],0.0
pmet_r_3184[c],0.0
pmet_r_3185[c],0.0
pmet_r_3186[c],0.0
pmet_r_3187[c],0.0
pmet_r_3188[c],0.0
pmet_r_3189[c],0.0
pmet_r_3190[c],0.0
pmet_r_3191[c],0.0
pmet_r_3192[ce],0.0
pmet_r_3193[ce],0.0
pmet_r_3194[ce],0.0
pmet_r_3195[ce],0.0
pmet_r_3196[ce],0.0
pmet_r_3197[ce],0.0
pmet_r_3198[ce],0.0
pmet_r_3199[ce],0.0
pmet_r_3200[c],0.0
pmet_r_3201[c],0.0
pmet_r_3202[c],0.0
pmet_r_3203[c],0.0
pmet_r_3204[c],0.0
pmet_r_3205[c],0.0
pmet_r_3206[c],0.0
pmet_r_3207[c],0.0
pmet_r_3252[lp],0.0
pmet_r_3253[lp],0.0
pmet_r_3264[lp],0.0
pmet_r_3265[lp],0.0
pmet_r_3266[lp],0.0
pmet_r_3267[lp],0.0
pmet_r_3268[lp],0.0
pmet_r_3269[lp],0.0
pmet_r_3270[lp],0.0
pmet_r_3271[lp],0.0
pmet_r_3272[lp],0.0
pmet_r_3273[lp],0.0
pmet_r_3274[lp],0.0
pmet_r_3275[lp],0.0
pmet_r_3276[lp],0.0
pmet_r_3277[lp],0.0
pmet_r_3278[lp],0.0
pmet_r_3279[lp],0.0
pmet_r_3280[lp],0.0
pmet_r_3281[lp],0.0
pmet_r_3282[lp],0.0
pmet_r_3283[lp],0.0
pmet_r_3284[lp],0.0
pmet_r_3285[lp],0.0
pmet_r_3286[lp],0.0
pmet_r_3287[lp],0.0
pmet_r_3288[lp],0.0
pmet_r_3289[lp],0.0
pmet_r_3290[lp],0.0
pmet_r_3291[lp],0.0
pmet_r_3292[lp],0.0
pmet_r_3293[lp],0.0
pmet_r_3294[lp],0.0
pmet_r_3295[lp],0.0
pmet_r_3297[lp],0.0
pmet_r_3813[erm],0.0
pmet_r_3813_REV[gm],0.0
pmet_r_3814[erm],0.0
pmet_r_3814_REV[gm],0.0
pmet_r_3815[erm],0.0
pmet_r_3815_REV[gm],0.0
pmet_r_3816[erm],0.0
pmet_r_3816_REV[gm],0.0
pmet_r_3817[erm],0.0
pmet_r_3817_REV[gm],0.0
pmet_r_3818[erm],0.0
pmet_r_3818_REV[gm],0.0
pmet_r_3819[erm],0.0
pmet_r_3819_REV[gm],0.0
pmet_r_3820[erm],0.0
pmet_r_3820_REV[gm],0.0
pmet_r_4152[m],0.0
pmet_r_4152_REV[m],0.0
pmet_r_4156[v],0.0
pmet_r_4156_REV[v],0.0
pmet_r_4157[c],0.0
pmet_r_4157_REV[c],0.0
pmet_r_4175[c],0.0
pmet_r_4175_REV[c],0.0
pmet_r_4176[c],0.0
pmet_r_4176_REV[c],0.0
pmet_r_4177[c],0.0
pmet_r_4177_REV[c],0.0
pmet_r_4178[c],0.0
pmet_r_4178_REV[c],0.0
pmet_r_4179[c],0.0
pmet_r_4179_REV[c],0.0
pmet_r_4180[c],0.0
pmet_r_4180_REV[c],0.0
pmet_r_4183[c],0.0
pmet_r_4183_REV[c],0.0
pmet_r_4191[c],0.0
pmet_r_4191_REV[c],0.0
pmet_r_4193[n],0.0
pmet_r_4193_REV[n],0.0
pmet_r_4196[er],0.0
pmet_r_4196_REV[er],0.0
pmet_r_4197[m],0.0
pmet_r_4197_REV[m],0.0
pmet_r_4200[c],0.0
pmet_r_4200_REV[c],0.0
pmet_r_4210[c],0.0
pmet_r_4210_REV[c],0.0
pmet_r_4211[c],0.0
pmet_r_4211_REV[c],0.0
pmet_r_4212[c],0.0
pmet_r_4212_REV[c],0.0
pmet_r_4224[c],9.089225268631044e-05
pmet_r_4225[c],0.0
pmet_r_4225_REV[c],0.0
pmet_r_4236[c],0.0
pmet_r_4236_REV[c],0.0
pmet_r_4271[er],0.0
pmet_r_4271_REV[er],0.0
pmet_r_4272[er],0.0
pmet_r_4272_REV[er],0.0
pmet_r_4274[c],0.0025746425648882
pmet_r_4274_REV[c],0.0092030993142102
pmet_r_4275[c],0.0
pmet_r_4275_REV[c],0.0
pmet_r_4277[er],0.0
pmet_r_4277_REV[er],0.0
pmet_r_4326[m],0.0
pmet_r_4326_REV[m],0.0
pmet_r_4331[c],0.0
pmet_r_4331_REV[c],0.0
pmet_r_4333[c],0.0
pmet_r_4333_REV[c],0.0
pmet_r_4403[c],0.0
pmet_r_4435[c],0.0
pmet_r_4484[c],0.0104011363414566
pmet_r_4484_REV[c],0.0029098032557979
prot_A2P2R3[c],0.0
prot_O13525[c],0.0
prot_P00044[c],0.855689694390787
prot_P00045[c],0.5030960467453515
prot_P00127[c],1.6063505313726902
prot_P00128[c],1.6063505313726902
prot_P00163[c],1.6063505313726902
prot_P00175[c],0.0
prot_P00330[c],10.46706840807052
prot_P00331[c],0.4932336714956299
prot_P00358[c],0.0
prot_P00359[c],0.0
prot_P00360[c],5.853978328387499
prot_P00401[c],0.4951295804731038
prot_P00410[c],0.4951295804731038
prot_P00420[c],0.4951295804731038
prot_P00425[c],0.4951295804731038
prot_P00427[c],0.4951295804731038
prot_P00431[c],0.0
prot_P00445[c],0.0
prot_P00447[c],0.0
prot_P00498[c],0.0154016739069069
prot_P00549[c],10.545764073232125
prot_P00560[c],5.853978328387499
prot_P00572[c],0.0
prot_P00635[c],0.0
prot_P00724[c],0.0
prot_P00812[c],0.0
prot_P00815[c],0.0462050217207207
prot_P00817[c],0.047727328398778
prot_P00830[c],0.1161485093135179
prot_P00854[c],0.1161485093135179
prot_P00856[c],0.1161485093135179
prot_P00890[c],0.2658459387564451
prot_P00899[c],0.007726754609199
prot_P00912[c],0.007726754609199
prot_P00924[c],5.705197439341377
prot_P00925[c],0.0
prot_P00927[c],0.0565071875470129
prot_P00931[c],0.007726754609199
prot_P00937[c],0.015453509218398
prot_P00942[c],2.8698361273597075
prot_P00950[c],0.0
prot_P00958[c],0.0117777418790985
prot_P03962[c],0.0199579531327557
prot_P03965[c],0.2386198212941717
prot_P04037[c],0.4951295804731038
prot_P04039[c],0.4951295804731038
prot_P04046[c],0.0190173822420843
prot_P04076[c],0.0392225683508575
prot_P04161[c],0.0190173822420843
prot_P04173[c],0.068854448049408
prot_P04385[c],0.0
prot_P04397[c],0.0
prot_P04801[c],0.0444626407983269
prot_P04802[c],0.0691100895353308
prot_P04803[c],0.0
prot_P04806[c],0.1577358450673573
prot_P04807[c],0.0
prot_P05030[c],0.0
prot_P05150[c],0.0392225683508575
prot_P05373[c],1.858095086792685e-08
prot_P05374[c],0.0
prot_P05375[c],0.0175673463842469
prot_P05626[c],0.1161485093135179
prot_P05694[c],0.0356198967200752
prot_P06106[c],0.0
prot_P06115[c],0.0
prot_P06168[c],0.1750865093979158
prot_P06169[c],7.679983539603758
prot_P06174[c],4.645237716981713e-09
prot_P06182[c],0.0
prot_P06197[c],0.001456991262069
prot_P06208[c],0.0726038996405945
prot_P06633[c],0.0154016739069069
prot_P06700[c],0.0
prot_P06738[c],0.0
prot_P06773[c],0.0004465353465898
prot_P06776[c],0.0
prot_P06785[c],0.0006698030198849
prot_P07143[c],1.6063505313726902
prot_P07149[c],0.0278365402427001
prot_P07170[c],0.0
prot_P07172[c],0.0154016739069069
prot_P07236[c],0.0
prot_P07244[c],0.0380347644841686
prot_P07245[c],0.1104138644074588
prot_P07246[c],0.0
prot_P07250[c],0.0
prot_P07251[c],0.1161485093135179
prot_P07255[c],0.4951295804731038
prot_P07256[c],1.6063505313726902
prot_P07257[c],1.6063505313726902
prot_P07258[c],0.2386198212941717
prot_P07259[c],0.2585777744269274
prot_P07262[c],1.2299003408614309
prot_P07263[c],0.0154016739069069
prot_P07264[c],0.137708896098816
prot_P07275[c],0.0
prot_P07277[c],0.0376488206466641
prot_P07283[c],0.1209684720115536
prot_P07284[c],0.00107529356244
prot_P07285[c],0.007726754609199
prot_P07286[c],0.0
prot_P07342[c],0.1750865093979158
prot_P07347[c],0.0
prot_P07702[c],0.0664850198665651
prot_P07806[c],0.0614672649656551
prot_P07807[c],0.0006815989952906
prot_P07991[c],0.0
prot_P08004[c],0.0
prot_P08019[c],0.0
prot_P08067[c],1.6063505313726902
prot_P08417[c],0.1029618316851457
prot_P08425[c],0.0
prot_P08431[c],0.0
prot_P08432[c],0.0
prot_P08456[c],0.0089043842441328
prot_P08465[c],0.0
prot_P08524[c],0.0250992137644426
prot_P08525[c],1.6063505313726902
prot_P08536[c],0.0013126076276329
prot_P08566[c],11.952842526881561
prot_P08678[c],0.0
prot_P08679[c],0.0
prot_P09201[c],0.0
prot_P09368[c],0.0
prot_P09436[c],0.0447647963828527
prot_P09440[c],0.0
prot_P09457[c],0.1161485093135179
prot_P09624[c],0.5771046034125527
prot_P09938[c],0.0
prot_P09950[c],0.0
prot_P0CH63[c],0.0
prot_P0CH64[c],0.0
prot_P0CW40[c],0.0
prot_P0CW41[c],0.0
prot_P0CX08[c],0.0
prot_P0CX09[c],0.0
prot_P0CX10[c],0.0
prot_P0CX11[c],0.0
prot_P0CX77[c],0.0
prot_P0CX78[c],0.0
prot_P0CX79[c],0.0
prot_P0CZ17[c],0.0
prot_P10127[c],1.1240328336665646e-08
prot_P10174[c],0.4951295804731038
prot_P10356[c],0.0664850198665651
prot_P10614[c],0.0062748084567292
prot_P10659[c],0.0238421548409767
prot_P10869[c],0.1134745433927231
prot_P10963[c],0.0594296231381228
prot_P11154[c],0.7501897092061363
prot_P11325[c],0.0
prot_P11353[c],1.5990215382736945e-08
prot_P11412[c],0.356889019457318
prot_P11491[c],0.0
prot_P11986[c],0.001456991262069
prot_P12683[c],0.0
prot_P12684[c],0.0376488206466641
prot_P12695[c],0.5737457961999316
prot_P12709[c],1.1273096715050182
prot_P12945[c],0.0
prot_P13045[c],0.0
prot_P13188[c],0.0244846493918929
prot_P13259[c],0.0
prot_P13298[c],0.021901886637995
prot_P13586[c],0.0
prot_P13587[c],0.0
prot_P13663[c],0.1134745433927231
prot_P13711[c],0.0
prot_P14020[c],0.1209684720115536
prot_P14065[c],0.0
prot_P14180[c],0.0
prot_P14540[c],0.0
prot_P14742[c],0.0
prot_P14772[c],0.0
prot_P14843[c],0.0
prot_P14904[c],0.0
prot_P15019[c],2.4598887835939447
prot_P15179[c],0.0
prot_P15180[c],0.0664850198665651
prot_P15202[c],0.0
prot_P15274[c],0.0
prot_P15454[c],0.004543442409557651
prot_P15496[c],0.012549606882221353
prot_P15624[c],0.0311052801306664
prot_P15625[c],0.0311052801306664
prot_P15700[c],0.0104336882076223
prot_P15703[c],0.0
prot_P15807[c],0.0
prot_P16120[c],0.1134745433927231
prot_P16140[c],0.0
prot_P16387[c],0.5737457961999316
prot_P16451[c],0.5737457961999316
prot_P16467[c],0.0
prot_P16550[c],0.0152979777171508
prot_P16603[c],0.0062748084567292
prot_P16622[c],1.003123721309052e-08
prot_P16639[c],0.0
prot_P16661[c],0.0
prot_P16861[c],0.0567383732665752
prot_P16862[c],1.522867862318114
prot_P17255[c],0.0
prot_P17423[c],0.1134745433927231
prot_P17505[c],0.0729365968993974
prot_P17649[c],0.0171511328882866
prot_P17695[c],0.0
prot_P17709[c],0.0
prot_P17898[c],0.0
prot_P18408[c],0.0139853700895178
prot_P18544[c],0.0392225683508575
prot_P18562[c],0.0
prot_P18900[c],0.0
prot_P19097[c],0.0278365402427001
prot_P19262[c],0.0
prot_P19358[c],0.0
prot_P19414[c],0.5316918775128902
prot_P19516[c],0.0
prot_P19657[c],0.0
prot_P19881[c],0.0
prot_P20048[c],0.0
prot_P20049[c],0.0236948399976119
prot_P20051[c],0.0199579531327557
prot_P20485[c],0.0
prot_P20967[c],0.0
prot_P21147[c],0.021115677417513797
prot_P21182[c],0.0
prot_P21264[c],0.0190173822420843
prot_P21306[c],0.1161485093135179
prot_P21373[c],1.5189927334557872e-05
prot_P21375[c],0.0391911501062573
prot_P21524[c],0.0
prot_P21592[c],1.003123721309052e-08
prot_P21595[c],0.0
prot_P21623[c],0.0
prot_P21672[c],0.0
prot_P21801[c],0.0
prot_P21826[c],0.0
prot_P21954[c],0.0
prot_P22007[c],0.0
prot_P22108[c],0.0
prot_P22133[c],0.18795426853241
prot_P22140[c],0.0
prot_P22203[c],0.0
prot_P22217[c],0.0
prot_P22219[c],2.3425314112339325e-07
prot_P22289[c],1.6063505313726902
prot_P22434[c],0.0
prot_P22438[c],0.0
prot_P22543[c],2.3425314112339325e-07
prot_P22580[c],0.0
prot_P22768[c],0.0392225683508575
prot_P22803[c],0.0139853700895178
prot_P22855[c],0.0
prot_P23202[c],0.0
prot_P23254[c],2.3905685053763133
prot_P23337[c],0.0
prot_P23501[c],0.0
prot_P23542[c],0.3109150547416671
prot_P23776[c],0.0
prot_P23797[c],0.0
prot_P23968[c],0.0
prot_P24031[c],4.056197513909003e-08
prot_P24521[c],0.0376488206466641
prot_P25045[c],0.0
prot_P25087[c],0.0
prot_P25332[c],0.0
prot_P25335[c],0.0
prot_P25340[c],0.0062748084567292
prot_P25345[c],0.0
prot_P25358[c],0.0
prot_P25372[c],0.0
prot_P25373[c],0.0
prot_P25374[c],0.0
prot_P25377[c],0.0
prot_P25379[c],0.0
prot_P25515[c],0.0
prot_P25576[c],0.0
prot_P25578[c],0.0
prot_P25580[c],0.0
prot_P25605[c],0.0
prot_P25612[c],0.0
prot_P25628[c],0.0032077478574294004
prot_P25641[c],0.0
prot_P26263[c],0.0
prot_P26364[c],0.0048064003028253
prot_P26637[c],0.068854448049408
prot_P26725[c],0.0
prot_P27472[c],0.0906933010777207
prot_P27515[c],0.0
prot_P27616[c],0.0190173822420843
prot_P27680[c],0.0
prot_P27697[c],0.0
prot_P27796[c],0.0
prot_P27809[c],0.0
prot_P27810[c],0.0
prot_P28239[c],0.0040781819233855
prot_P28240[c],0.0020820640852149
prot_P28241[c],0.0
prot_P28272[c],0.0199579531327557
prot_P28273[c],0.0
prot_P28274[c],0.0
prot_P28321[c],0.0
prot_P28496[c],0.0
prot_P28777[c],2.3905685053763124
prot_P28789[c],4.645237716981713e-09
prot_P28817[c],0.0
prot_P28834[c],0.0
prot_P29029[c],0.0
prot_P29465[c],0.0
prot_P29509[c],0.0162180468224675
prot_P29703[c],0.0
prot_P29704[c],0.0062748084567292
prot_P29952[c],0.1209684720115536
prot_P30402[c],0.0019439335052393
prot_P30624[c],0.0
prot_P30777[c],0.0
prot_P30902[c],0.1161485093135179
prot_P30952[c],0.0020820640852149
prot_P31115[c],0.0
prot_P31116[c],0.1134745433927231
prot_P31373[c],0.0
prot_P31382[c],0.0
prot_P31412[c],0.0
prot_P31688[c],0.047055894823648
prot_P31755[c],0.0
prot_P32048[c],0.0
prot_P32178[c],2.3983070559609154
prot_P32179[c],0.0139853700895178
prot_P32190[c],0.0
prot_P32191[c],0.0
prot_P32263[c],0.0382602648341926
prot_P32264[c],0.0382602648341926
prot_P32288[c],0.2977700044873081
prot_P32316[c],0.0
prot_P32318[c],0.0
prot_P32327[c],0.0
prot_P32340[c],0.7566634696677841
prot_P32347[c],1.5990215382736945e-08
prot_P32352[c],0.0
prot_P32353[c],0.0
prot_P32356[c],0.0
prot_P32363[c],0.0
prot_P32366[c],0.0
prot_P32368[c],2.3425314112339325e-07
prot_P32375[c],0.0
prot_P32377[c],0.0376488206466641
prot_P32378[c],0.0
prot_P32383[c],0.0
prot_P32419[c],0.0
prot_P32449[c],2.390568505376312
prot_P32451[c],0.0
prot_P32452[c],2.4220018959585268
prot_P32459[c],0.0
prot_P32462[c],0.0062748084567292
prot_P32463[c],0.0
prot_P32469[c],0.0
prot_P32473[c],0.5737457961999316
prot_P32476[c],0.0062748084567292
prot_P32477[c],0.0
prot_P32528[c],0.0
prot_P32563[c],0.0
prot_P32567[c],0.0
prot_P32573[c],0.0
prot_P32579[c],0.0
prot_P32582[c],0.001533197718156
prot_P32584[c],0.0
prot_P32603[c],0.0
prot_P32604[c],0.0
prot_P32610[c],0.0
prot_P32614[c],0.0
prot_P32621[c],0.0
prot_P32622[c],0.0006235943370634
prot_P32626[c],0.0
prot_P32642[c],0.0
prot_P32643[c],0.0
prot_P32656[c],0.0
prot_P32771[c],0.0
prot_P32784[c],0.0
prot_P32785[c],0.0
prot_P32791[c],0.0
prot_P32796[c],0.058411421427771
prot_P32799[c],0.4951295804731038
prot_P32842[c],0.0
prot_P32861[c],0.0
prot_P32874[c],0.0
prot_P32875[c],0.0
prot_P32891[c],0.253806023689145
prot_P32895[c],0.0632331262050346
prot_P32903[c],0.0
prot_P32906[c],0.0
prot_P33300[c],0.0
prot_P33312[c],0.0001860563944124
prot_P33315[c],0.0
prot_P33317[c],0.0
prot_P33327[c],0.0
prot_P33330[c],0.1487808890461216
prot_P33333[c],0.0
prot_P33401[c],0.0
prot_P33412[c],0.0
prot_P33421[c],0.0
prot_P33550[c],0.0
prot_P33734[c],0.0154016739069069
prot_P33751[c],0.0
prot_P33775[c],0.0
prot_P33893[c],0.0
prot_P34163[c],0.0
prot_P34227[c],0.0
prot_P34756[c],0.0
prot_P35172[c],0.0
prot_P35196[c],0.0
prot_P35202[c],0.0
prot_P35206[c],0.0
prot_P35497[c],0.0
prot_P35731[c],0.0
prot_P35842[c],0.0
prot_P36001[c],0.0
prot_P36007[c],0.0
prot_P36010[c],0.46370741805532156
prot_P36013[c],0.2200615674033732
prot_P36014[c],0.0
prot_P36024[c],0.0
prot_P36033[c],0.0
prot_P36051[c],0.0
prot_P36060[c],0.0
prot_P36076[c],0.0
prot_P36088[c],0.0
prot_P36107[c],0.0
prot_P36126[c],0.0
prot_P36136[c],0.0
prot_P36143[c],0.0015353532606922
prot_P36148[c],0.0118174760945455
prot_P36150[c],0.0
prot_P36156[c],0.0
prot_P36165[c],0.0
prot_P36421[c],0.0236948399976119
prot_P36973[c],0.0
prot_P37012[c],0.2810665441653536
prot_P37254[c],1.1795975405750705e-05
prot_P37291[c],0.0909064673394717
prot_P37292[c],0.0033588072126211
prot_P37293[c],0.0
prot_P37296[c],0.0
prot_P37297[c],0.0
prot_P37298[c],0.0
prot_P37299[c],1.6063505313726902
prot_P37303[c],0.0125047150473832
prot_P38009[c],0.0688381122979826
prot_P38013[c],0.0
prot_P38063[c],0.0
prot_P38066[c],0.0001860563944124
prot_P38067[c],0.0171511328882866
prot_P38071[c],0.0
prot_P38074[c],0.0
prot_P38075[c],0.0
prot_P38077[c],0.1161485093135179
prot_P38088[c],0.0
prot_P38113[c],0.0
prot_P38115[c],0.0
prot_P38122[c],0.0
prot_P38130[c],0.0
prot_P38131[c],0.0
prot_P38137[c],0.0
prot_P38138[c],0.0
prot_P38139[c],0.0
prot_P38143[c],0.0
prot_P38145[c],0.0001860563944124
prot_P38149[c],0.0
prot_P38158[c],0.0
prot_P38169[c],0.0011293623140876
prot_P38174[c],0.0
prot_P38211[c],0.0
prot_P38218[c],0.0
prot_P38221[c],0.0103613755062018
prot_P38226[c],0.0
prot_P38230[c],0.0
prot_P38242[c],0.0
prot_P38286[c],0.0
prot_P38287[c],0.0
prot_P38298[c],0.0
prot_P38342[c],0.0
prot_P38360[c],0.0
prot_P38426[c],0.047055894823648
prot_P38427[c],0.0
prot_P38604[c],0.0062748084567292
prot_P38620[c],0.0632331262050346
prot_P38625[c],0.0089303720302888
prot_P38626[c],0.0
prot_P38627[c],0.0080518137358731
prot_P38628[c],0.0
prot_P38631[c],0.0
prot_P38635[c],0.0154016739069069
prot_P38689[c],0.0
prot_P38693[c],0.0
prot_P38697[c],0.0
prot_P38698[c],0.0
prot_P38703[c],0.0
prot_P38705[c],0.0441441859102231
prot_P38707[c],0.0236252549061017
prot_P38708[c],0.0382602648341926
prot_P38709[c],0.2810665441653536
prot_P38710[c],0.0
prot_P38714[c],0.0
prot_P38715[c],0.0
prot_P38720[c],0.356889019457318
prot_P38744[c],0.0
prot_P38773[c],0.0
prot_P38774[c],0.0
prot_P38787[c],0.0
prot_P38790[c],0.0
prot_P38791[c],0.0
prot_P38795[c],0.0011293623140876
prot_P38812[c],0.0
prot_P38816[c],0.0
prot_P38818[c],0.0
prot_P38824[c],0.0
prot_P38827[c],0.0
prot_P38840[c],0.10545118266115469
prot_P38858[c],0.356889019457318
prot_P38891[c],0.0577178133744685
prot_P38913[c],1.86056394412396e-06
prot_P38929[c],0.0
prot_P38954[c],0.0
prot_P38972[c],0.0190173822420843
prot_P38986[c],0.0
prot_P38992[c],0.0
prot_P38993[c],0.0
prot_P38994[c],0.0
prot_P38995[c],0.0
prot_P38998[c],0.0664850198665651
prot_P38999[c],0.0664850198665651
prot_P39002[c],0.0
prot_P39006[c],0.0075210253076348
prot_P39007[c],0.0
prot_P39104[c],0.0
prot_P39105[c],0.0
prot_P39109[c],0.0
prot_P39111[c],0.0
prot_P39518[c],0.0
prot_P39522[c],0.1750865093979158
prot_P39524[c],0.0
prot_P39525[c],0.0
prot_P39533[c],0.0
prot_P39540[c],0.0
prot_P39676[c],0.0
prot_P39683[c],0.0
prot_P39692[c],0.0133109395972545
prot_P39708[c],0.0
prot_P39713[c],0.0
prot_P39714[c],0.0
prot_P39726[c],0.0033588072126211
prot_P39730[c],0.0
prot_P39954[c],0.0238421548409767
prot_P39965[c],0.0
prot_P39976[c],1.1049797174469935
prot_P39979[c],0.0
prot_P39986[c],1.1696248146568088e-07
prot_P39988[c],0.0
prot_P40009[c],0.021010244504176583
prot_P40011[c],0.0
prot_P40012[c],5.015618606545259e-09
prot_P40015[c],0.0
prot_P40017[c],0.0
prot_P40025[c],0.0495926931761232
prot_P40029[c],0.0
prot_P40047[c],0.0057524896545997
prot_P40054[c],0.0
prot_P40086[c],2.1271565517144952e-08
prot_P40099[c],0.0
prot_P40106[c],0.0
prot_P40215[c],0.0
prot_P40308[c],0.0
prot_P40319[c],0.0
prot_P40345[c],0.0
prot_P40350[c],0.0
prot_P40351[c],0.0
prot_P40353[c],0.0
prot_P40360[c],0.0
prot_P40363[c],0.0
prot_P40433[c],0.0
prot_P40459[c],0.0
prot_P40471[c],0.0
prot_P40495[c],0.0664850198665651
prot_P40506[c],0.0
prot_P40510[c],0.1487808890461216
prot_P40527[c],0.0
prot_P40545[c],0.0154016739069069
prot_P40553[c],0.0
prot_P40559[c],0.0
prot_P40580[c],0.0
prot_P40581[c],0.0
prot_P40582[c],0.0
prot_P40825[c],0.1065805449752424
prot_P40857[c],0.0
prot_P40884[c],0.0
prot_P40970[c],0.0
prot_P40975[c],0.0
prot_P40988[c],5.646083152926164e-06
prot_P40989[c],0.0
prot_P41277[c],0.0
prot_P41338[c],0.037648820646664
prot_P41734[c],0.0
prot_P41735[c],0.0
prot_P41807[c],0.0
prot_P41835[c],2.566437649334112e-07
prot_P41903[c],0.0009938401961791
prot_P41911[c],0.0
prot_P41921[c],0.0
prot_P41939[c],0.2637638746712302
prot_P41940[c],0.1209684720115536
prot_P42222[c],0.0
prot_P42826[c],0.0
prot_P42837[c],0.0
prot_P42884[c],0.0
prot_P42941[c],0.1487808890461216
prot_P42951[c],0.0
prot_P43123[c],0.0
prot_P43544[c],0.0
prot_P43545[c],0.0
prot_P43550[c],0.0
prot_P43567[c],0.0
prot_P43577[c],0.0
prot_P43616[c],0.0
prot_P43619[c],0.0011293623140876
prot_P43623[c],0.0
prot_P43635[c],0.0
prot_P43636[c],0.0
prot_P46151[c],0.0
prot_P46367[c],0.0009460893517743
prot_P46655[c],0.0701090263169313
prot_P46681[c],0.0
prot_P46961[c],0.0
prot_P46969[c],0.5165266628246515
prot_P46971[c],0.0
prot_P46995[c],0.0
prot_P47011[c],0.0891579478170285
prot_P47013[c],0.0
prot_P47016[c],0.0
prot_P47026[c],0.0
prot_P47039[c],0.0
prot_P47051[c],0.0
prot_P47052[c],0.0
prot_P47081[c],0.0
prot_P47088[c],0.0
prot_P47095[c],0.0
prot_P47096[c],0.0011293623140876
prot_P47119[c],0.005284503115904827
prot_P47125[c],0.0011293623140876
prot_P47143[c],0.0215640483913654
prot_P47147[c],0.0
prot_P47164[c],0.0029098032557979
prot_P47165[c],0.0
prot_P47169[c],0.0133109395972545
prot_P47176[c],0.1862231440728551
prot_P47177[c],0.0
prot_P47180[c],0.0
prot_P47182[c],0.0
prot_P47190[c],0.0
prot_P47771[c],0.0
prot_P47912[c],0.0
prot_P48015[c],0.0033588072126211
prot_P48016[c],0.0
prot_P48239[c],0.0
prot_P48360[c],0.0
prot_P48445[c],0.2014560174250509
prot_P48525[c],0.0
prot_P48526[c],0.0
prot_P48527[c],0.0
prot_P48567[c],0.0
prot_P48570[c],0.0
prot_P48836[c],0.0
prot_P49017[c],0.0
prot_P49089[c],0.0236252549061017
prot_P49090[c],0.0
prot_P49095[c],0.0033588072126211
prot_P49367[c],0.1329700397331302
prot_P49435[c],0.0
prot_P49723[c],0.0
prot_P49775[c],0.0
prot_P49954[c],0.0
prot_P50076[c],0.0
prot_P50094[c],0.0098002031842381
prot_P50095[c],0.0008698311539493
prot_P50107[c],1.3587857411361384
prot_P50113[c],0.0664850198665651
prot_P50264[c],0.0
prot_P50277[c],0.0
prot_P50861[c],0.0003721127888249
prot_P50942[c],0.0
prot_P51601[c],1.1795975405750705e-05
prot_P52290[c],1.8825806356452137e-06
prot_P52489[c],0.0
prot_P52867[c],0.1209684720115536
prot_P52892[c],0.0
prot_P52893[c],0.0
prot_P52910[c],0.1765670944682706
prot_P52911[c],0.0
prot_P53008[c],0.0
prot_P53037[c],0.0
prot_P53045[c],0.025099233826916898
prot_P53051[c],0.0
prot_P53078[c],0.0
prot_P53090[c],0.16025130278943311
prot_P53095[c],0.0
prot_P53101[c],0.0
prot_P53128[c],0.0356198967200752
prot_P53164[c],0.0
prot_P53167[c],0.0
prot_P53178[c],0.0
prot_P53184[c],0.0
prot_P53199[c],0.0125496169134584
prot_P53204[c],0.0011293623140876
prot_P53206[c],0.0
prot_P53223[c],0.0
prot_P53228[c],0.0
prot_P53230[c],0.0
prot_P53239[c],0.0
prot_P53264[c],0.0
prot_P53296[c],0.0
prot_P53306[c],0.0
prot_P53312[c],0.0
prot_P53314[c],0.0
prot_P53315[c],0.0
prot_P53318[c],0.0
prot_P53319[c],0.0
prot_P53332[c],0.0
prot_P53341[c],0.0
prot_P53598[c],0.0
prot_P53615[c],1.1902655479253585
prot_P53629[c],0.0
prot_P53630[c],0.0
prot_P53685[c],0.0
prot_P53686[c],0.0
prot_P53687[c],0.0
prot_P53688[c],0.0
prot_P53727[c],0.0
prot_P53730[c],0.0
prot_P53746[c],0.0
prot_P53753[c],0.0
prot_P53823[c],0.0
prot_P53824[c],0.0
prot_P53839[c],0.0
prot_P53848[c],2.359195081150141e-05
prot_P53852[c],0.001533197718156
prot_P53868[c],0.0
prot_P53871[c],0.0
prot_P53909[c],0.0
prot_P53915[c],0.0
prot_P53934[c],0.0
prot_P53954[c],0.0
prot_P53961[c],0.0
prot_P53966[c],0.0
prot_P53982[c],0.0
prot_P54070[c],0.0
prot_P54113[c],0.0
prot_P54114[c],0.0
prot_P54115[c],0.1765670944682706
prot_P54781[c],0.0
prot_P54783[c],0.0
prot_P54838[c],0.0
prot_P54839[c],0.037648820646664
prot_P54857[c],0.0
prot_P54861[c],0.0
prot_P54885[c],0.0382602648341926
prot_P61829[c],0.1161485093135179
prot_P62651[c],0.0
prot_P80210[c],0.0254886841187024
prot_P80235[c],0.058411421427771
prot_P81449[c],0.1161485093135179
prot_P81450[c],0.1161485093135179
prot_P81451[c],0.1161485093135179
prot_Q00055[c],0.0118174760945457
prot_Q00711[c],0.0
prot_Q00764[c],0.047055894823648
prot_Q00873[c],0.0
prot_Q00955[c],0.2014560174250509
prot_Q01217[c],0.078445136701715
prot_Q01519[c],0.4951295804731038
prot_Q01574[c],0.0048064003028253
prot_Q01662[c],0.0
prot_Q01802[c],0.0010185790631112
prot_Q01896[c],0.0
prot_Q01976[c],0.0
prot_Q02046[c],0.0
prot_Q02196[c],0.0139853700895178
prot_Q02207[c],0.0
prot_Q02784[c],0.0
prot_Q02895[c],0.0
prot_Q02896[c],0.0
prot_Q02979[c],0.0
prot_Q03034[c],0.0
prot_Q03161[c],0.0
prot_Q03175[c],0.0
prot_Q03262[c],0.0
prot_Q03266[c],1.1795975405750705e-05
prot_Q03529[c],0.0
prot_Q03557[c],0.0
prot_Q03579[c],0.0
prot_Q03649[c],0.0
prot_Q03674[c],0.0
prot_Q03677[c],0.0
prot_Q03764[c],0.0
prot_Q03778[c],0.0
prot_Q03786[c],0.0
prot_Q03835[c],0.0
prot_Q03941[c],0.0
prot_Q04066[c],0.0011293623140876
prot_Q04082[c],0.0
prot_Q04089[c],0.0
prot_Q04119[c],3.075804446083776e-05
prot_Q04120[c],0.0
prot_Q04174[c],0.0
prot_Q04178[c],0.0
prot_Q04179[c],0.0
prot_Q04212[c],0.0
prot_Q04299[c],0.0
prot_Q04396[c],0.001724078255186
prot_Q04409[c],1.2342079799543046
prot_Q04430[c],0.0
prot_Q04432[c],0.0
prot_Q04458[c],0.0
prot_Q04533[c],0.0025746425648882
prot_Q04728[c],0.0392225683508575
prot_Q04792[c],0.0171511328882866
prot_Q04806[c],0.0
prot_Q04894[c],0.0
prot_Q04902[c],0.0
prot_Q04935[c],0.0
prot_Q04952[c],0.1273621139491439
prot_Q04958[c],0.0
prot_Q05016[c],0.0
prot_Q05506[c],0.0373310992004967
prot_Q05521[c],0.0
prot_Q05533[c],0.001456991262069
prot_Q05567[c],0.0
prot_Q05584[c],1.3587857411361384
prot_Q05779[c],0.0
prot_Q05788[c],0.0
prot_Q05871[c],0.0
prot_Q05874[c],0.0
prot_Q05902[c],0.0
prot_Q05911[c],0.0445060663607867
prot_Q05979[c],0.0011293623140876
prot_Q06005[c],0.0
prot_Q06137[c],0.0
prot_Q06147[c],0.0
prot_Q06178[c],0.0
prot_Q06204[c],0.0
prot_Q06236[c],0.0
prot_Q06321[c],0.0
prot_Q06346[c],0.0
prot_Q06350[c],0.0
prot_Q06389[c],0.0
prot_Q06405[c],0.1161485093135179
prot_Q06408[c],2.453107176089194
prot_Q06489[c],0.0
prot_Q06490[c],0.0
prot_Q06494[c],0.0
prot_Q06508[c],0.0
prot_Q06510[c],0.0
prot_Q06549[c],0.0
prot_Q06625[c],0.0261268629623361
prot_Q06636[c],0.0
prot_Q06667[c],0.0
prot_Q06685[c],0.0
prot_Q06702[c],0.0
prot_Q06703[c],0.0
prot_Q06708[c],0.0
prot_Q06817[c],0.0674606995988642
prot_Q06892[c],0.0
prot_Q07471[c],0.0
prot_Q07500[c],0.8496870617049063
prot_Q07540[c],0.0
prot_Q07560[c],0.0
prot_Q07648[c],0.0
prot_Q07729[c],0.0
prot_Q07747[c],0.0
prot_Q07786[c],0.0
prot_Q07804[c],0.0
prot_Q07830[c],0.0
prot_Q07923[c],0.0
prot_Q07938[c],0.0
prot_Q07950[c],0.0
prot_Q07993[c],0.0
prot_Q08108[c],0.0
prot_Q08220[c],0.0
prot_Q08224[c],2.63106964332797e-07
prot_Q08227[c],0.0
prot_Q08234[c],0.0
prot_Q08295[c],0.0
prot_Q08361[c],0.0
prot_Q08438[c],0.0
prot_Q08548[c],0.0118174760945455
prot_Q08558[c],0.0
prot_Q08645[c],0.0
prot_Q08650[c],0.0
prot_Q08686[c],0.0
prot_Q08742[c],0.0
prot_Q08905[c],0.0
prot_Q08908[c],0.0
prot_Q08911[c],0.0
prot_Q08914[c],0.0
prot_Q08959[c],0.0
prot_Q08975[c],1.5285366179187362e-07
prot_Q08985[c],0.0
prot_Q08992[c],0.0
prot_Q10740[c],0.0
prot_Q12001[c],0.0
prot_Q12031[c],0.0
prot_Q12036[c],0.0
prot_Q12040[c],5.705197439341377
prot_Q12043[c],0.0
prot_Q12051[c],0.0
prot_Q12055[c],1.4483957353498889
prot_Q12068[c],0.0
prot_Q12074[c],0.0
prot_Q12084[c],0.0
prot_Q12109[c],0.0065973922951114
prot_Q12122[c],0.0664850198665651
prot_Q12154[c],1.1795975405750705e-05
prot_Q12165[c],0.1161485093135179
prot_Q12166[c],0.0037494515911865
prot_Q12178[c],0.0
prot_Q12184[c],0.0
prot_Q12189[c],0.8737877950707961
prot_Q12198[c],0.0211374333738228
prot_Q12205[c],0.0
prot_Q12209[c],0.0
prot_Q12211[c],0.0
prot_Q12233[c],0.1161485093135179
prot_Q12246[c],0.0
prot_Q12265[c],0.0
prot_Q12271[c],0.0
prot_Q12283[c],0.0
prot_Q12305[c],0.0
prot_Q12320[c],0.0
prot_Q12333[c],0.0
prot_Q12349[c],0.1161485093135179
prot_Q12358[c],0.0
prot_Q12362[c],0.0001860563944124
prot_Q12382[c],0.0002679776668423
prot_Q12385[c],0.0
prot_Q12390[c],0.0
prot_Q12428[c],0.0
prot_Q12429[c],0.0
prot_Q12447[c],0.0
prot_Q12452[c],0.0125496169134584
prot_Q12455[c],0.0
prot_Q12458[c],0.0
prot_Q12471[c],0.0
prot_Q12473[c],0.0
prot_Q12494[c],0.0
prot_Q12524[c],0.0
prot_Q12525[c],0.0
prot_Q12674[c],0.0
prot_Q12675[c],0.0
prot_Q12676[c],1.1795975405750705e-05
prot_Q12680[c],0.0681985107570669
prot_Q12691[c],9.089225268631044e-05
prot_Q12746[c],0.0
prot_Q3E731[c],0.0
prot_Q3E790[c],0.0
prot_Q99190[c],0.0
prot_Q99258[c],0.0003721127888249
prot_Q99288[c],0.0
prot_Q99312[c],0.0
prot_Q99321[c],5.85359373279117e-08
prot_pool[c],0.0016561287005397679
s_0001[ce],0.1860563944124755
s_0002[c],0.0
s_0003[e],0.0
s_0004[ce],0.1860563944124755
s_0006[m],0.0
s_0007[c],0.0
s_0008[m],0.0447647963828527
s_0009[c],0.068854448049408
s_0010[c],0.068854448049408
s_0011[m],0.0
s_0012[m],0.0
s_0013[c],0.0
s_0014[n],0.0
s_0015[c],0.0392225683508575
s_0016[m],0.1303217130150631
s_0017[c],0.0
s_0018[c],0.0376488206466641
s_0019[c],0.0376488206466641
s_0020[c],0.0
s_0021[c],0.058411421427771
s_0022[e],0.0
s_0023[m],0.058411421427771
s_0024[p],0.0
s_0025[c],1.3587857411361384
s_0026[e],0.0
s_0027[m],0.0
s_0028[c],0.0376488206466641
s_0029[e],0.0
s_0030[c],0.0
s_0031[c],0.0
s_0032[e],0.0
s_0033[c],1.3587857411361384
s_0034[m],0.0
s_0035[c],0.0
s_0036[e],0.0
s_0037[c],0.0064390804094046
s_0038[er],0.0064390804094047
s_0039[m],0.0447647963828527
s_0042[p],0.0
s_0045[p],0.0
s_0048[p],0.0
s_0051[p],0.0
s_0054[p],0.0
s_0056[c],0.0601407347039212
s_0058[e],0.0
s_0060[m],0.0097856916341819
s_0061[c],0.0199579531327557
s_0062[c],0.0
s_0063[c],0.0
s_0064[e],0.0
s_0065[m],0.0
s_0066[c],0.1888453651909288
s_0067[e],0.0
s_0068[m],0.5588441030592156
s_0069[p],0.0
s_0075[c],5.853978328387499
s_0076[c],0.007726754609199
s_0077[c],0.0154016739069069
s_0078[c],0.0154016739069069
s_0079[c],0.0
s_0080[e],0.0
s_0084[e],0.0
s_0086[c],0.007726754609199
s_0087[c],0.0
s_0089[c],0.1860563944124755
s_0116[c],0.0
s_0117[m],0.0
s_0118[c],0.0382602648341926
s_0119[m],0.0
s_0120[c],0.0812761959144305
s_0121[m],0.0
s_0122[c],0.0062748084567293
s_0123[n],0.0
s_0124[n],0.0
s_0125[n],0.0
s_0126[c],0.001456991262069
s_0127[er],0.0
s_0129[m],0.0
s_0131[c],0.0
s_0132[c],0.0
s_0133[e],0.0
s_0134[c],0.0
s_0135[e],0.0
s_0136[c],0.0
s_0137[e],0.0
s_0138[c],0.0177790348297618
s_0139[e],0.0
s_0140[c],0.0
s_0141[c],0.0001860563944124
s_0142[c],0.0001860563944124
s_0143[c],0.0
s_0144[c],0.0
s_0145[m],0.0392225683508575
s_0146[m],0.1303217130150631
s_0147[c],0.0011293623140876
s_0148[m],1.1795975405750705e-05
s_0149[c],0.0
s_0150[m],0.0
s_0152[c],0.0
s_0153[c],0.0
s_0154[m],0.0
s_0155[m],0.0
s_0156[m],0.0
s_0157[m],0.0
s_0158[c],0.0003721127888249
s_0161[er],0.0
s_0162[c],0.14506628078819261
s_0163[e],0.0
s_0164[m],0.00360793309819
s_0165[c],0.068854448049408
s_0166[c],0.0
s_0167[e],0.0
s_0168[m],0.0
s_0169[c],0.0
s_0170[e],0.0
s_0171[m],0.0
s_0172[c],0.0
s_0173[e],0.0
s_0174[m],0.0
s_0176[c],0.0333156568903647
s_0177[m],0.0664850198665651
s_0178[c],0.012751909584303101
s_0179[m],0.052958377276919905
s_0180[c],1.5332759184036584
s_0181[e],0.0
s_0182[m],0.19980319700159221
s_0183[n],0.0
s_0184[p],0.0
s_0185[c],2.453107176089194
s_0186[e],2.453107176089194
s_0187[m],0.0
s_0188[c],5.705197439341377
s_0189[c],0.0
s_0190[c],0.0062748084567292
s_0191[m],2.006247442618104e-08
s_0192[c],0.0
s_0193[c],0.0
s_0194[c],0.0
s_0195[c],0.0
s_0196[c],0.0
s_0197[c],0.0
s_0200[m],0.0
s_0201[c],0.0139853700895178
s_0204[c],0.0118734891110338
s_0206[p],0.0
s_0207[c],0.0154016739069069
s_0208[c],0.0
s_0209[c],0.0062748084567292
s_0210[c],2.3905685053763124
s_0211[c],2.3905685053763124
s_0212[c],0.0
s_0213[m],0.0
s_0214[m],0.0
s_0215[c],0.0
s_0216[m],0.0
s_0217[c],0.0
s_0218[c],0.0796211285014311
s_0221[m],0.0067746024528569
s_0222[c],0.0011293623140876
s_0224[c],0.0011293623140876
s_0229[p],0.0
s_0231[er],0.0
s_0232[c],0.0037494515911865
s_0233[m],0.09292533854225069
s_0234[c],0.0
s_0235[e],0.0
s_0236[m],0.0
s_0239[p],0.0
s_0243[p],0.0
s_0247[p],0.0
s_0250[p],0.0
s_0253[p],0.0
s_0257[p],0.0
s_0258[c],0.1487808890461216
s_0259[c],0.1487808890461216
s_0260[c],5.853978328387498
s_0261[c],2.3905685053763124
s_0262[c],0.0062748084567292
s_0263[c],0.0
s_0264[c],0.0
s_0267[c],1.2832188246670557e-07
s_0268[c],1.2832188246670557e-07
s_0269[c],1.1795975405750705e-05
s_0270[c],1.283218824667056e-07
s_0271[c],2.57862845745682e-06
s_0272[e],0.0
s_0273[m],2.101332235404459e-05
s_0274[c],0.0
s_0275[m],0.0
s_0279[c],0.0
s_0280[c],0.0
s_0281[c],0.0
s_0282[c],0.0
s_0283[m],0.0
s_0284[p],0.0
s_0285[c],0.0
s_0286[c],0.0
s_0287[m],0.0
s_0290[m],0.0
s_0291[c],0.0538027009021473
s_0292[m],0.0
s_0293[c],1.2832188246670557e-07
s_0294[c],0.0
s_0295[c],0.1134745433927231
s_0296[c],0.0062748084567292
s_0297[c],0.0062748084567292
s_0298[c],0.0139853700895178
s_0299[c],0.0190173822420843
s_0300[c],0.0190173822420843
s_0301[c],0.0190173822420843
s_0302[c],0.0190173822420843
s_0303[c],0.0
s_0304[c],0.0277582504164207
s_0305[m],0.0
s_0306[c],0.09090646733947161
s_0307[m],0.0033588072126211
s_0308[c],0.0
s_0309[c],5.85359373279117e-08
s_0310[c],1.283218824667056e-07
s_0311[c],0.0
s_0312[c],0.0154016739069069
s_0313[c],0.0001860563944124
s_0314[c],0.0003721127888249
s_0315[c],1.858095086792685e-08
s_0316[e],7.43238034717074e-08
s_0317[m],0.0
s_0318[c],0.0
s_0319[c],0.0
s_0320[e],0.0
s_0321[m],0.0
s_0322[c],0.0356198967200752
s_0323[c],0.0
s_0324[c],2.3905685053763124
s_0325[c],0.0190173822420843
s_0326[c],0.0154016739069069
s_0327[c],0.0190173822420843
s_0328[c],0.0001860563944124
s_0329[er],0.0
s_0330[er],0.0
s_0331[er],0.0
s_0332[er],0.0
s_0333[c],0.0
s_0334[er],0.0
s_0335[c],0.356889019457318
s_0337[er],0.0
s_0338[er],0.0
s_0339[er],0.0
s_0340[c],0.356889019457318
s_0341[c],0.0
s_0342[e],0.0
s_0343[c],1.2104789280625102e-05
s_0344[m],1.2104789280625103e-05
s_0345[c],1.1795975405750705e-05
s_0346[c],1.1795975405750705e-05
s_0347[c],2.359195081150141e-05
s_0348[m],0.0
s_0349[c],2.3905685053763124
s_0350[m],0.0
s_0352[c],0.0
s_0354[e],0.0
s_0357[c],0.0
s_0358[e],0.0
s_0359[c],8.195334726752423
s_0360[e],0.0
s_0361[m],0.006698579006374
s_0362[c],0.1765670944682706
s_0363[er],0.0
s_0364[e],0.0
s_0365[m],0.0048064003028253
s_0366[n],0.0
s_0367[c],0.002451115244754
s_0370[m],0.0373891472186188
s_0372[m],0.0
s_0373[c],0.29843772526143136
s_0376[m],0.47313882725071593
s_0377[n],0.0
s_0378[p],0.0
s_0383[c],0.0
s_0384[e],0.0
s_0385[m],0.0
s_0386[c],0.0215640483913654
s_0387[e],0.0
s_0389[c],0.0
s_0390[c],0.0139853700895178
s_0391[e],0.0
s_0392[m],0.0
s_0393[c],0.0254886841187024
s_0394[c],16.45310678927791
s_0395[er],0.0
s_0397[m],0.1662851149689226
s_0398[n],0.0
s_0399[p],0.0
s_0402[n],0.0
s_0403[c],0.0344190561489913
s_0404[c],0.1860563944124755
s_0405[c],0.0
s_0406[e],0.0
s_0407[c],0.0
s_0408[e],0.0
s_0409[c],0.023527947411824
s_0410[c],0.0
s_0411[c],0.0
s_0412[c],0.0
s_0413[e],0.0
s_0414[g],0.0
s_0415[c],0.0
s_0416[m],0.0
s_0417[c],0.0
s_0418[c],0.0
s_0419[c],1.8284685268361347
s_0420[e],2.750037032324655
s_0421[m],0.0240851965871933
s_0423[c],1.6360818855135015
s_0424[m],0.0048064003028253
s_0425[n],0.0
s_0426[p],0.0
s_0427[c],0.007726754609199
s_0428[c],0.1860563944124755
s_0429[m],0.0
s_0430[c],0.1860563944124755
s_0431[m],0.0
s_0432[c],0.1860563944124755
s_0433[m],0.0
s_0434[c],11.037860620517115
s_0435[er],0.0
s_0437[m],0.08523750486941441
s_0438[n],0.0
s_0439[p],0.0
s_0441[c],0.0
s_0442[c],0.0
s_0443[c],0.0
s_0444[g],0.0
s_0445[c],2.287275328556858
s_0446[e],0.0
s_0447[m],0.0
s_0448[n],2.191280292280588e-32
s_0450[c],0.1860563944124754
s_0451[c],0.0
s_0452[e],0.0
s_0453[c],0.0
s_0454[m],0.0664850198665651
s_0455[c],0.23861982129417159
s_0456[c],3.634188091392068
s_0457[er],0.0
s_0458[e],2.9983589418788386
s_0460[m],0.5230837960905144
s_0461[n],2.191280292280588e-32
s_0462[p],0.0
s_0465[m],0.0
s_0467[c],0.0031508875830924
s_0468[n],0.0
s_0469[c],0.0
s_0474[c],0.0
s_0475[er],0.0
s_0476[g],0.0
s_0477[m],0.0
s_0478[er],0.0
s_0479[g],0.0
s_0480[m],0.0
s_0481[er],0.0
s_0482[g],0.0
s_0483[m],0.0
s_0484[er],0.0
s_0485[g],0.0
s_0486[m],0.0
s_0487[er],0.0
s_0488[g],0.0
s_0489[m],0.0
s_0490[er],0.0
s_0491[g],0.0
s_0492[m],0.0
s_0493[er],0.0
s_0494[g],0.0
s_0495[m],0.0
s_0496[er],0.0
s_0497[g],0.0
s_0498[m],0.0
s_0499[er],0.0
s_0500[g],0.0
s_0501[m],0.0
s_0502[er],0.0
s_0503[g],0.0
s_0504[m],0.0
s_0507[er],0.0
s_0509[c],0.0
s_0510[ce],0.0
s_0511[ce],0.0
s_0512[c],0.0
s_0513[e],0.0
s_0514[c],0.0
s_0515[c],2.4060456065455202
s_0516[c],0.2658459387564451
s_0517[m],0.0
s_0522[c],0.5316918775128902
s_0523[e],0.0
s_0524[m],0.0
s_0525[p],0.0
s_0526[c],0.1896064342157272
s_0528[m],0.0
s_0529[c],0.582553800520819
s_0530[er],0.0
s_0531[lp],0.0
s_0532[m],0.6391550597472367
s_0533[n],0.0
s_0534[p],0.0010339462784144
s_0538[c],1.5990215382736945e-08
s_0539[c],0.0034125761235312
s_0541[m],0.0
s_0542[c],0.1860563944124755
s_0543[c],0.0
s_0544[e],0.0
s_0545[c],0.0
s_0546[e],0.0
s_0547[c],0.0
s_0548[c],0.0
s_0549[e],0.0
s_0550[c],0.0154016739069069
s_0551[c],4.977916912639158
s_0552[m],0.0
s_0553[c],0.0
s_0554[e],0.0
s_0555[c],0.0
s_0556[c],0.0
s_0557[c],3.9069452160370792
s_0558[c],0.0
s_0559[e],0.0
s_0560[e],0.0
s_0561[c],0.0
s_0562[e],0.0
s_0563[c],1.391943825021662
s_0565[e],1.0503452719246114
s_0566[v],0.0
s_0567[c],0.2810665441653536
s_0568[c],1.7902501738015826
s_0570[c],0.0
s_0571[c],0.0
s_0572[e],0.0
s_0573[c],0.1209684720115536
s_0574[c],0.1209684720115536
s_0575[c],0.0
s_0576[e],0.0
s_0577[c],1.3906865706842724
s_0578[c],0.0
s_0579[e],0.0
s_0580[c],0.0
s_0581[c],1.064480544944732
s_0582[c],0.0010366264328591
s_0583[n],0.0
s_0584[c],0.1860563944124755
s_0585[m],0.0
s_0586[c],0.0004937049306691649
s_0587[c],0.0
s_0588[n],0.0
s_0589[c],0.1862791708066537
s_0590[c],0.0
s_0591[c],0.0011293623140876
s_0593[n],0.0
s_0595[c],0.0
s_0597[e],0.0
s_0600[p],0.0
s_0605[p],0.0
s_0606[lp],0.0
s_0607[c],0.0
s_0608[c],0.0
s_0609[n],0.0
s_0610[c],0.0
s_0611[e],0.0
s_0612[c],0.0
s_0613[c],0.004394731840687351
s_0614[n],0.0
s_0615[c],0.189841589318425
s_0616[m],0.0
s_0617[c],0.0045497486648785
s_0618[c],0.0
s_0620[er],0.0
s_0625[c],0.0006815989952906
s_0626[m],0.0
s_0627[m],0.0
s_0628[m],0.0
s_0629[c],4.240439344590392
s_0631[lp],0.0
s_0632[m],0.0
s_0633[c],1.0489968507106795
s_0635[lp],0.0
s_0636[m],0.0098306875682005
s_0637[n],0.0
s_0638[p],0.0
s_0639[c],0.0
s_0640[lp],0.0
s_0641[lp],0.0
s_0642[c],0.0
s_0644[er],0.1209684720115536
s_0645[c],0.1270976280738292
s_0646[er],0.1270976280738293
s_0647[c],0.0
s_0649[c],0.1860563944124755
s_0650[c],0.0
s_0651[e],0.0
s_0652[c],0.0001373686438584
s_0653[n],0.0
s_0654[c],0.018809965445916697
s_0655[n],0.0
s_0656[c],0.0012537070103332
s_0657[c],0.0
s_0659[e],0.0
s_0662[c],0.0062748084567292
s_0663[er],0.0062748084567292
s_0664[c],0.0
s_0665[ce],0.0
s_0666[c],0.18777098502478762
s_0667[er],0.0040489041418151
s_0668[e],0.0
s_0669[lp],0.0
s_0670[c],0.0
s_0672[c],0.1872144224352463
s_0677[c],0.0
s_0678[m],0.0
s_0679[p],0.0
s_0680[c],5.221525562721575
s_0681[e],10.313163229745447
s_0682[m],0.0
s_0683[c],0.0
s_0684[e],0.0
s_0685[c],0.0
s_0686[e],0.0
s_0687[c],0.1860563944124755
s_0688[m],0.0
s_0689[c],0.0
s_0690[m],0.0
s_0692[lp],0.0
s_0694[c],0.1860563944124755
s_0699[ce],0.0
s_0700[c],0.0
s_0702[e],0.0
s_0703[lp],0.0
s_0709[m],2.9651362725088286
s_0710[m],0.4951295804731038
s_0712[m],1.003123721309052e-08
s_0713[m],0.0
s_0714[c],1.86056394412396e-06
s_0715[e],0.0
s_0716[m],0.0
s_0717[c],0.0
s_0719[c],0.0
s_0720[e],0.0
s_0721[c],0.0
s_0722[c],0.0001990888681717
s_0723[e],0.018308930275792
s_0724[m],0.0
s_0725[c],0.0987657994050767
s_0726[e],0.0
s_0727[m],0.0391911501062572
s_0734[c],0.0171511328882866
s_0736[e],0.0
s_0738[m],0.0
s_0739[c],0.16556429219388819
s_0740[g],0.0
s_0741[m],0.0
s_0742[n],0.0
s_0743[c],0.1209684720115536
s_0744[g],0.0
s_0745[c],0.0125496068822213
s_0746[lp],0.0
s_0747[c],0.1860563944124755
s_0748[c],0.1860563944124755
s_0749[m],0.0
s_0750[c],1.3587857411361384
s_0751[e],0.0
s_0752[m],0.0
s_0753[v],0.0
s_0754[c],0.0
s_0755[e],0.0
s_0756[m],0.0
s_0757[c],0.1860563944124755
s_0764[c],7.18006628881908
s_0765[c],0.0
s_0766[e],0.0
s_0767[c],0.0122380160807403
s_0769[lp],0.0
s_0770[m],0.0
s_0771[c],0.0
s_0773[c],0.2121832573748116
s_0774[v],0.0
s_0775[c],1.6827127701191818e-05
s_0776[e],1.8560798516060293e-05
s_0777[m],0.0
s_0779[c],0.0021287573834319
s_0780[e],0.0
s_0781[p],0.0
s_0782[c],0.23609058215339632
s_0783[g],0.0
s_0785[c],0.16520281152189775
s_0786[m],0.0
s_0787[c],0.0
s_0788[e],0.0
s_0789[m],0.0
s_0790[c],0.0495926931761232
s_0791[e],0.0
s_0792[m],0.0
s_0793[ce],0.0
s_0794[c],45.690988487001896
s_0795[er],0.0880856394879434
s_0796[e],5.480421127266412
s_0797[g],0.0
s_0798[lp],0.0
s_0799[m],3.2555188637524677
s_0800[n],2.191280292280588e-32
s_0801[p],0.0001511314282248
s_0802[v],0.0
s_0803[c],12.75264131906029
s_0804[er],0.0030916940431386
s_0805[e],6.319809384201741
s_0806[g],0.0
s_0807[m],0.5741207591317682
s_0808[n],2.191280292280588e-32
s_0809[p],0.0010657798050023176
s_0810[v],0.0
s_0811[m],2.1271565517144952e-08
s_0812[m],1.003123721309052e-08
s_0813[lp],0.0
s_0814[lp],0.0
s_0815[lp],0.0
s_0816[c],0.0
s_0817[er],0.0
s_0819[p],0.0
s_0823[p],0.0
s_0825[er],0.0
s_0826[e],0.0
s_0829[lp],0.0
s_0830[lp],0.0
s_0831[m],0.0
s_0832[c],0.1860563944124755
s_0833[m],0.0
s_0834[m],0.0664850198665651
s_0835[n],0.0
s_0836[m],0.0664850198665651
s_0837[c],0.0
s_0838[m],0.0
s_0839[n],0.0
s_0840[p],0.0
s_0841[c],0.0104011363414566
s_0843[c],0.0
s_0844[e],0.0
s_0845[lp],0.0
s_0846[c],0.0
s_0847[c],0.1860563944124755
s_0848[m],0.0
s_0849[c],0.0344190561489912
s_0850[c],0.0
s_0851[e],0.0
s_0852[m],0.0
s_0853[c],0.0
s_0854[m],0.0
s_0855[c],0.0
s_0856[c],0.0
s_0857[e],0.0
s_0859[g],0.0
s_0861[er],0.0
s_0862[g],0.0
s_0863[m],0.0
s_0864[er],0.0
s_0865[g],0.0
s_0866[m],0.0
s_0867[er],0.0
s_0868[g],0.0
s_0869[m],0.0
s_0870[er],0.0
s_0871[g],0.0
s_0872[m],0.0
s_0873[er],0.0
s_0874[g],0.0
s_0875[m],0.0
s_0876[er],0.0
s_0877[g],0.0
s_0878[m],0.0
s_0879[er],0.0
s_0880[g],0.0
s_0881[m],0.0
s_0882[er],0.0
s_0883[g],0.0
s_0884[m],0.0
s_0885[er],0.0
s_0886[g],0.0
s_0887[m],0.0
s_0888[er],0.0
s_0889[g],0.0
s_0890[m],0.0
s_0892[g],0.0
s_0894[er],0.0
s_0895[g],0.0
s_0896[m],0.0
s_0897[er],0.0
s_0898[g],0.0
s_0899[m],0.0
s_0900[er],0.0
s_0901[g],0.0
s_0902[m],0.0
s_0903[er],0.0
s_0904[g],0.0
s_0905[m],0.0
s_0906[er],0.0
s_0907[g],0.0
s_0908[m],0.0
s_0909[er],0.0
s_0910[g],0.0
s_0911[m],0.0
s_0912[er],0.0
s_0913[g],0.0
s_0914[m],0.0
s_0915[er],0.0
s_0916[g],0.0
s_0917[m],0.0
s_0918[er],0.0
s_0919[g],0.0
s_0920[m],0.0
s_0921[er],0.0
s_0922[g],0.0
s_0923[m],0.0
s_0924[c],0.18605640444371271
s_0925[e],1.0660715420374922e-05
s_0926[m],1.003123721309052e-08
s_0927[c],0.0
s_0928[e],0.0
s_0929[c],0.0
s_0930[e],0.0
s_0931[m],0.0
s_0932[c],0.0
s_0933[e],0.0
s_0934[m],0.0
s_0935[c],0.0
s_0936[e],0.0
s_0937[c],0.0
s_0938[e],0.0
s_0939[m],0.0
s_0940[c],0.2658459387564451
s_0941[m],0.0
s_0942[p],0.0
s_0943[c],0.0376488177570135
s_0944[lp],0.0
s_0945[m],0.0
s_0946[m],0.0
s_0949[m],0.0
s_0950[c],0.0
s_0951[c],2.574145220909551
s_0952[c],0.0
s_0953[c],0.09965438284276551
s_0954[m],0.0
s_0955[c],0.15919011869542
s_0956[e],0.0
s_0957[m],0.0
s_0958[c],0.0
s_0959[c],0.0664850198665651
s_0960[c],0.0
s_0961[c],0.0
s_0962[e],0.0
s_0963[c],0.0
s_0964[e],0.0
s_0965[c],0.0392225683508575
s_0966[e],0.0018914691503608
s_0967[m],0.0
s_0968[v],0.0
s_0969[c],0.0236252549061017
s_0970[e],0.0
s_0971[m],0.0
s_0972[v],0.0
s_0973[c],0.3098964756785555
s_0974[e],0.0
s_0975[m],0.0010185790631112
s_0976[p],0.0
s_0977[v],0.0
s_0978[c],0.1134745433927231
s_0979[c],0.0392225683508575
s_0980[c],0.001533197718156
s_0981[c],0.001533197718156
s_0982[e],0.0
s_0983[c],0.0
s_0984[c],0.0
s_0985[v],0.0
s_0986[c],0.0382602648341926
s_0987[c],0.0
s_0988[c],0.0
s_0989[c],0.0
s_0990[e],0.0
s_0991[c],1.2946483391616557
s_0992[e],0.0
s_0993[m],0.09978515466648241
s_0994[n],0.0
s_0995[p],0.0
s_0996[v],0.0
s_0997[c],0.0382602648341926
s_0999[c],0.43416702600144136
s_1000[e],0.0080040663321515
s_1001[n],0.0
s_1002[v],0.0
s_1003[c],0.10341118238685489
s_1004[e],0.0102154861206641
s_1005[m],0.0067176144252422
s_1006[c],0.0154016739069069
s_1007[e],0.0
s_1008[m],0.0
s_1009[v],0.0
s_1010[c],0.0154016739069069
s_1011[c],0.0154016739069069
s_1012[c],0.0400628976940291
s_1014[c],0.1134745433927231
s_1015[e],0.0
s_1016[c],0.06436796281045501
s_1017[e],0.0
s_1018[m],0.0
s_1019[v],0.0
s_1020[c],0.0011293623140876
s_1021[c],0.0839061951966686
s_1022[e],0.0
s_1023[m],0.0
s_1024[v],0.0
s_1025[c],0.0664850198665651
s_1026[e],0.0
s_1027[m],0.0
s_1028[v],0.0
s_1029[c],0.0356198967200752
s_1030[e],0.0
s_1031[m],0.0
s_1032[c],0.1520748807632855
s_1033[e],0.0
s_1034[m],0.0
s_1035[c],0.0382602648341926
s_1036[e],0.0
s_1037[m],0.0
s_1038[c],0.0664850198665651
s_1039[c],0.14786995819876392
s_1040[er],0.0
s_1041[e],0.0
s_1042[m],0.0015799141548433
s_1043[c],0.0
s_1044[e],0.0
s_1045[c],0.113474543392723
s_1046[e],0.0
s_1047[m],0.0565071875470129
s_1048[c],0.007726754609199
s_1049[e],0.0
s_1050[m],0.0
s_1051[c],0.03551619088419
s_1052[e],0.0
s_1053[m],0.0
s_1054[p],0.0
s_1055[v],0.0
s_1056[c],0.0764532127051273
s_1057[e],0.0
s_1058[m],0.083877691698995
s_1059[c],0.0062748084567292
s_1061[e],0.0
s_1065[c],0.0
s_1067[e],0.0
s_1070[p],0.0
s_1073[c],0.0
s_1076[p],0.0
s_1077[c],0.1860563944124755
s_1078[m],0.0
s_1079[c],0.0
s_1080[n],0.0
s_1081[c],0.0
s_1082[n],0.0
s_1085[er],0.0
s_1096[c],0.1860563944124755
s_1097[m],0.0
s_1098[m],0.0
s_1099[c],0.1860563944124755
s_1100[m],0.0
s_1101[c],0.0278365402427001
s_1104[m],0.0
s_1105[c],0.0
s_1106[e],0.0
s_1107[c],0.3070248664240291
s_1108[er],0.0
s_1109[er],0.0
s_1110[m],0.0
s_1111[er],0.0
s_1112[m],0.0
s_1114[g],0.0
s_1116[er],0.0
s_1117[g],0.0
s_1118[m],0.0
s_1119[er],0.0
s_1120[g],0.0
s_1121[m],0.0
s_1122[er],0.0
s_1123[g],0.0
s_1124[m],0.0
s_1125[er],0.0
s_1126[g],0.0
s_1127[m],0.0
s_1128[er],0.0
s_1129[g],0.0
s_1130[m],0.0
s_1131[er],0.0
s_1132[g],0.0
s_1133[m],0.0
s_1134[er],0.0
s_1135[g],0.0
s_1136[m],0.0
s_1137[er],0.0
s_1138[g],0.0
s_1139[m],0.0
s_1140[er],0.0
s_1141[g],0.0
s_1142[m],0.0
s_1143[er],0.0
s_1144[g],0.0
s_1145[m],0.0
s_1148[c],0.1860563944124755
s_1149[m],0.0
s_1150[c],0.0
s_1151[c],1.3587857411361384
s_1153[c],0.001456991262069
s_1154[e],0.0
s_1156[c],0.0
s_1157[n],0.0
s_1158[c],0.0
s_1159[n],0.0
s_1161[c],0.0
s_1163[e],0.0
s_1166[p],0.0
s_1176[c],0.0
s_1179[p],0.0
s_1180[c],0.0
s_1181[c],0.0
s_1182[m],0.0392225683508575
s_1183[c],0.0
s_1184[c],0.0
s_1185[c],0.0
s_1186[e],0.0
s_1187[c],0.007726754609199
s_1188[c],0.0
s_1189[c],0.0
s_1190[c],0.0
s_1191[m],0.0392225683508575
s_1192[m],0.0392225683508575
s_1193[c],0.0
s_1194[c],0.0199579531327557
s_1195[c],0.0011293623140876
s_1196[c],0.0
s_1198[c],6.860506352973283
s_1199[er],0.0
s_1200[m],0.7566634596365468
s_1201[n],0.0
s_1202[p],0.0
s_1203[c],11.903463919029948
s_1204[er],0.0
s_1205[m],0.7566634796990213
s_1206[p],0.0
s_1207[c],1.4481915669801
s_1208[er],0.0062610013421099
s_1210[m],0.22581405705797292
s_1211[p],0.0
s_1212[c],4.322948262374277
s_1213[er],0.0207458627406128
s_1214[m],0.2143090777487733
s_1215[p],0.0
s_1216[c],0.0
s_1217[n],0.0
s_1218[c],0.0
s_1219[c],0.0
s_1220[e],0.0
s_1221[m],0.0
s_1222[c],0.0011293623140876
s_1223[m],0.0
s_1224[c],0.0
s_1225[e],0.0
s_1227[n],0.0
s_1228[p],0.0
s_1229[lp],0.0
s_1230[c],0.0
s_1231[c],0.0
s_1232[lp],0.0
s_1233[c],0.0
s_1234[c],0.0
s_1235[c],0.058411421427771
s_1236[m],0.058411421427771
s_1237[p],0.0
s_1238[c],0.1134745433927231
s_1239[c],0.0
s_1240[er],0.0
s_1241[c],0.012975778906344798
s_1246[lp],0.0
s_1248[c],0.0
s_1250[e],0.0
s_1253[p],0.0
s_1254[m],0.0
s_1258[p],0.0
s_1259[lp],0.0
s_1260[c],0.0
s_1262[c],0.0
s_1265[p],0.0
s_1266[c],0.0392225683508575
s_1267[e],0.0
s_1268[m],0.0392225683508575
s_1269[c],0.0199579531327557
s_1270[c],0.0199579531327557
s_1271[c],0.7501897092061363
s_1272[e],0.0
s_1273[m],0.2668645178195563
s_1274[p],0.0
s_1275[c],0.29870380486000037
s_1276[er],0.0094053091277841
s_1277[e],0.1076845154899907
s_1278[m],0.4951295955199596
s_1279[p],0.0
s_1282[c],0.0
s_1283[c],0.0
s_1284[c],0.0
s_1286[c],0.0
s_1288[e],0.0
s_1291[p],0.0
s_1293[c],0.0018429007118093
s_1295[e],0.0
s_1298[p],0.0001447796805489
s_1302[c],0.0198988673741567
s_1303[er],0.0
s_1305[p],0.0
s_1307[c],0.0
s_1308[m],0.0
s_1309[e],0.0
s_1310[lp],0.0
s_1311[c],0.0
s_1312[lp],0.0
s_1313[m],0.0
s_1314[c],0.1860563944124755
s_1315[m],0.0
s_1316[c],0.0
s_1317[e],0.0
s_1318[c],2.453107176089194
s_1319[e],0.0
s_1320[m],0.0
s_1321[c],0.0
s_1322[c],6.791420212473046
s_1323[er],0.0
s_1324[e],6.848012641587127
s_1325[g],0.0
s_1326[m],0.197446456715852
s_1329[v],0.0
s_1337[c],0.18706894121932732
s_1346[c],0.19044345534760612
s_1351[c],0.18723543564443132
s_1352[er],0.0
s_1360[c],15.326901083984747
s_1361[m],0.0
s_1364[c],0.0190173822420843
s_1365[c],0.0344190561489913
s_1366[er],0.0
s_1367[er],0.0
s_1368[c],0.0
s_1371[c],0.0
s_1372[c],4.645237716981713e-09
s_1373[c],0.1860563944124755
s_1374[e],0.0006753847117172
s_1375[c],0.0
s_1376[c],0.012549609771871754
s_1377[c],2.4456967359561386
s_1378[c],4.645237716981713e-09
s_1379[c],0.1860563944124755
s_1382[m],0.0
s_1383[m],1.003123721309052e-08
s_1384[c],1.5990215382736945e-08
s_1385[m],1.097459677619169e-08
s_1386[c],0.0632331262050335
s_1387[m],0.0
s_1388[c],0.0
s_1389[c],0.0
s_1390[e],0.0
s_1391[v],0.0
s_1392[c],0.0
s_1393[c],0.0
s_1394[c],0.0
s_1395[c],0.0
s_1396[c],0.0
s_1397[e],0.0
s_1398[c],0.0
s_1399[c],9.142107308960412
s_1400[e],0.0
s_1401[m],0.7488323055978494
s_1403[c],0.0011293623140876
s_1404[m],0.0
s_1405[c],0.18605825497641965
s_1406[e],0.0
s_1407[m],0.0
s_1408[c],1.0002540474808654
s_1409[m],0.0
s_1410[m],0.0
s_1411[m],0.0
s_1412[c],0.0
s_1413[c],0.0414095012252241
s_1415[m],0.0
s_1416[c],0.0227357843079453
s_1418[e],0.0
s_1419[m],0.0
s_1420[c],0.0
s_1421[c],0.0
s_1422[c],0.0
s_1423[c],0.0
s_1424[c],0.0
s_1425[e],0.0
s_1426[c],1.5228678623181142
s_1427[c],1.5228678623181142
s_1428[c],0.1860563944124755
s_1429[c],2.3905685053763124
s_1430[c],0.0
s_1431[c],0.0
s_1432[ce],0.0
s_1433[c],0.0
s_1435[e],0.0
s_1437[c],0.18675074681604312
s_1438[e],0.00096471987344
s_1439[c],0.0
s_1440[e],0.0
s_1441[v],0.0
s_1442[c],0.0
s_1443[e],0.0
s_1444[v],0.0
s_1445[er],0.0
s_1446[er],0.0
s_1447[c],0.0060738211323992
s_1448[er],0.0064757957810592
s_1449[c],0.0
s_1450[e],0.0
s_1451[p],0.0
s_1454[c],0.0031325947304728
s_1457[p],0.0
s_1458[c],0.052837250394421297
s_1459[e],0.0
s_1460[m],0.0391911501062573
s_1461[c],0.0171511328882866
s_1464[m],0.0
s_1466[e],0.0
s_1467[c],0.20266697975725922
s_1468[e],0.0177064979777673
s_1469[c],0.0139853700895178
s_1470[e],0.0006744304922633
s_1471[c],0.0
s_1472[e],0.0
s_1473[c],0.0
s_1474[v],0.0
s_1475[c],0.1860563944124755
s_1476[e],5.3896003872257105e-08
s_1477[m],0.0
s_1479[c],0.0
s_1480[er],0.0
s_1482[p],0.0
s_1483[lp],0.0
s_1486[c],0.0
s_1487[c],0.27716195062011895
s_1488[m],0.0033588072126211
s_1489[c],1.283218824667056e-07
s_1490[e],2.1276474711854017e-07
s_1491[c],0.1860563944124755
s_1492[m],0.0
s_1493[c],0.0
s_1494[e],0.0
s_1497[c],1.283218824667056e-07
s_1498[e],1.3613973202961474e-08
s_1503[c],0.0
s_1504[m],0.0
s_1507[p],0.0
s_1510[p],0.0
s_1513[p],0.0
s_1516[p],0.0
s_1519[p],0.0
s_1520[c],0.1860563944124755
s_1521[e],0.0
s_1522[v],0.0
s_1523[lp],0.0
s_1524[c],0.18722315034070822
s_1526[c],0.0
s_1527[c],0.1860563944124755
s_1528[m],0.0
s_1529[c],1.1240328336665646e-08
s_1530[e],1.1240328336665646e-08
s_1531[m],1.1240328336665646e-08
s_1532[c],0.0
s_1533[c],0.1860563944124755
s_1534[m],0.0
s_1535[m],1.6063505313726902
s_1537[m],1.6063505313726902
s_1538[c],0.29249103119053343
s_1539[g],0.0
s_1540[n],0.0
s_1541[c],0.0
s_1542[g],0.0
s_1543[c],0.2810665441653535
s_1544[c],0.0
s_1545[c],0.1963527139762394
s_1546[g],0.0
s_1547[m],0.0
s_1548[n],0.0
s_1549[lp],0.0
s_1550[c],0.0
s_1551[e],0.0
s_1552[c],0.0
s_1553[e],0.0
s_1554[c],0.0
s_1555[c],0.0
s_1556[c],0.0
s_1557[e],0.0
s_1558[c],1.5990215382736945e-08
s_1559[c],0.2913628637291174
s_1560[m],0.0
s_1561[c],0.1860563944124755
s_1562[m],0.0
s_1563[c],0.0
s_1564[e],0.0
s_1565[c],0.0089303720302888
s_1566[c],0.0
s_1567[e],0.0
s_1568[ce],0.0
s_1569[c],0.0062748084567292
s_1571[e],0.0
s_1572[lp],0.0
s_1576[c],0.0062748084567292
s_1577[c],0.0062748084567292
s_1578[c],0.0062748084567292
s_1579[c],0.0062748084567292
s_1582[c],0.1065805449752424
s_1583[c],0.0373310992004967
s_1584[m],0.0
s_1585[c],0.0236252549061017
s_1586[m],0.0
s_1587[c],0.0691100895353308
s_1588[m],0.0
s_1589[c],0.001533197718156
s_1590[c],0.0244846493918929
s_1591[c],0.0701090263169313
s_1592[m],0.0
s_1593[c],0.0674606995988642
s_1594[c],0.0154016739069069
s_1595[m],0.0
s_1596[c],0.0447647963828527
s_1597[m],0.0
s_1598[c],0.068854448049408
s_1599[m],0.0
s_1600[c],0.0664850198665651
s_1601[m],0.0
s_1602[c],0.0117777418790985
s_1603[m],0.0
s_1604[c],0.0311052801306664
s_1605[m],0.0
s_1606[c],0.0382602648341926
s_1607[c],0.043068892347783
s_1608[c],0.0444626407983269
s_1609[m],0.0
s_1610[c],0.0065973922951114
s_1611[m],0.0
s_1612[c],0.0236948399976119
s_1613[m],0.0
s_1614[c],0.0614672649656551
s_1615[m],0.0
s_1616[c],0.0162180468224674
s_1617[m],0.0
s_1618[n],0.0
s_1619[p],0.0
s_1620[c],0.0162180468224675
s_1621[m],0.0
s_1622[n],0.0
s_1623[p],0.0
s_1845[m],0.0
s_2763[c],0.0
s_2764[c],0.0
s_2766[e],0.0
s_2768[e],0.0
s_2770[m],0.0
s_2771[m],0.0
s_2772[m],0.0
s_2773[m],0.0
s_2774[m],0.0
s_2775[m],0.0
s_2776[m],0.0
s_2777[m],0.0
s_2778[m],0.0
s_2779[m],0.0
s_2780[m],0.0
s_2781[erm],0.0
s_2782[erm],0.0
s_2783[erm],0.0322937326598965
s_2784[erm],0.0
s_2785[erm],0.0013741519002857
s_2786[erm],0.0
s_2787[erm],0.0
s_2788[erm],0.0
s_2789[erm],0.022573741658944397
s_2790[erm],0.0
s_2791[erm],0.010067876721826099
s_2792[erm],0.0
s_2793[erm],0.0
s_2794[erm],0.0
s_2795[erm],0.0
s_2796[erm],0.0
s_2797[erm],0.0
s_2798[erm],0.0
s_2799[erm],0.0
s_2800[erm],0.0
s_2801[erm],0.0
s_2802[erm],0.0
s_2803[erm],0.0
s_2804[erm],0.0
s_2805[erm],0.0
s_2806[erm],0.0
s_2807[erm],0.0
s_2808[erm],0.018741074689217825
s_2809[erm],0.0
s_2810[erm],0.0
s_2811[erm],0.0
s_2812[erm],0.0
s_2813[erm],0.0
s_2814[erm],0.0
s_2815[erm],0.0
s_2816[erm],0.0
s_2817[erm],0.021115677417513797
s_2818[erm],0.023650346489296998
s_2819[erm],0.0148771147703517
s_2820[erm],0.0086577882158923
s_2821[erm],0.0043708259824068
s_2822[e],0.0
s_2824[e],0.0
s_2826[e],0.0
s_2828[c],0.0
s_2829[c],0.0
s_2831[erm],0.0
s_2832[erm],0.0
s_2833[erm],0.0
s_2834[erm],0.0048980315176712
s_2835[erm],0.0
s_2836[erm],0.0
s_2837[erm],0.0
s_2838[erm],0.0
s_2839[erm],0.0
s_2840[lp],0.0
s_2841[lp],0.0
s_2842[lp],0.0
s_2843[lp],0.0
s_2844[lp],0.0
s_2845[lp],0.0
s_2846[lp],0.0
s_2847[lp],0.0
s_2848[lp],0.0
s_2849[lp],0.0
s_2850[lp],0.0
s_2851[lp],0.0
s_2852[lp],0.0
s_2853[lp],0.0
s_2854[p],0.0009938401961791
s_2855[p],0.0
s_2856[ce],0.0
s_2857[ce],0.0
s_2858[ce],0.0
s_2859[ce],0.0
s_2860[ce],0.0
s_2861[ce],0.0
s_2862[ce],0.0
s_2863[ce],0.0
s_2864[ce],0.0
s_2865[ce],0.0
s_2866[ce],0.0
s_2867[ce],0.0
s_2868[erm],0.0
s_2869[erm],0.0
s_2870[erm],0.0
s_2871[lp],0.0
s_2872[lp],0.0
s_2873[lp],0.0
s_2874[lp],0.0
s_2875[lp],0.0
s_2876[lp],0.0
s_2877[c],0.0019876803923582
s_2878[c],0.0
s_2879[p],0.0
s_2880[c],0.0
s_2881[p],0.0
s_2882[p],0.0
s_2883[p],0.0
s_2884[p],0.0
s_2885[p],0.0
s_2886[p],0.0
s_2887[p],0.0
s_2888[p],0.0
s_2889[p],0.0
s_2890[p],0.0
s_2891[p],0.0
s_2892[p],0.0
s_2893[p],0.0
s_2894[p],0.0
s_2895[p],0.0
s_2896[p],0.0
s_2897[p],0.0
s_2898[p],0.0
s_2899[p],0.0
s_2900[p],0.0
s_2901[p],0.0
s_2902[p],0.0
s_2903[p],0.0
s_2904[p],0.0
s_2905[p],0.0
s_2906[p],0.0
s_2907[p],0.0
s_2908[p],0.0
s_2909[p],0.0
s_2910[p],0.0
s_2911[p],0.0
s_2912[p],0.0
s_2913[p],0.0
s_2914[p],0.0
s_2915[p],0.0
s_2916[p],0.0
s_2917[p],0.0
s_2918[p],0.0
s_2919[p],0.0
s_2920[p],0.0
s_2921[p],0.0
s_2922[p],0.0
s_2923[p],0.0
s_2924[p],0.0
s_2925[p],0.0
s_2926[p],0.0
s_2927[p],0.0
s_2928[p],0.0
s_2929[p],0.0
s_2930[p],0.0
s_2931[p],0.0
s_2932[p],0.0
s_2933[p],0.0
s_2934[erm],0.0122380160807401
s_2935[erm],0.0053653495500194
s_2936[erm],0.0050966132693593
s_2937[erm],0.0013555132751668
s_2938[erm],0.0
s_2939[erm],0.0
s_2940[erm],0.0
s_2941[erm],0.0
s_2942[erm],0.0
s_2943[erm],0.0
s_2944[lp],0.0
s_2945[lp],0.0
s_2946[lp],0.0
s_2947[lp],0.0
s_2948[lp],0.0
s_2949[lp],0.0
s_2950[lp],0.0
s_2951[lp],0.0
s_2952[lp],0.0
s_2953[lp],0.0
s_2954[erm],0.002115163204244
s_2955[erm],0.0032501863457754
s_2956[erm],0.0053179508254756
s_2957[erm],0.0
s_2958[erm],0.0011126244390455
s_2959[erm],0.0002428888361213
s_2960[erm],0.0
s_2961[erm],0.0
s_2962[lp],0.0
s_2963[lp],0.0
s_2964[lp],0.0
s_2965[lp],0.0
s_2966[erm],0.0
s_2967[erm],0.0
s_2968[erm],0.0
s_2969[erm],0.002896193779931
s_2970[erm],0.0
s_2971[erm],0.0
s_2972[erm],0.0
s_2973[erm],0.0
s_2974[erm],0.0
s_2975[vm],0.0
s_2976[vm],0.0
s_2977[vm],0.0
s_2978[vm],0.0
s_2979[vm],0.0
s_2980[vm],0.0
s_2981[vm],0.0
s_2982[vm],0.0
s_2983[vm],0.0
s_2984[vm],0.0
s_2985[vm],0.0
s_2986[vm],0.0
s_2987[vm],0.0
s_2988[vm],0.0
s_2989[vm],0.0
s_2990[vm],0.0
s_2991[vm],0.0
s_2992[vm],0.0
s_2993[gm],0.0
s_2994[gm],0.001724078255186
s_2995[gm],0.0006708029070548
s_2996[gm],0.0
s_2997[gm],0.0
s_2998[gm],0.0
s_2999[gm],0.0017707183659120575
s_3000[gm],0.0005519627304409
s_3001[gm],0.0
s_3002[gm],0.0
s_3003[gm],0.0
s_3004[gm],0.0
s_3005[gm],0.0
s_3006[gm],0.0
s_3007[gm],0.0
s_3008[gm],0.0
s_3009[gm],0.0
s_3010[gm],0.0
s_3011[erm],0.0
s_3012[erm],0.0
s_3013[erm],0.0
s_3014[erm],0.0
s_3015[erm],0.0
s_3016[erm],0.0
s_3017[erm],0.0
s_3018[erm],0.0
s_3019[erm],0.0
s_3020[erm],0.0
s_3021[erm],0.0014561005883436
s_3022[erm],0.0
s_3023[erm],0.0
s_3024[erm],0.0
s_3025[erm],0.0
s_3026[erm],0.0
s_3027[erm],0.0
s_3028[erm],0.0
s_3029[erm],0.0
s_3030[erm],0.0
s_3031[erm],0.0
s_3032[erm],0.0
s_3033[erm],0.0
s_3034[erm],0.0
s_3035[erm],0.0
s_3036[erm],0.0
s_3037[erm],0.0
s_3038[erm],0.0
s_3039[erm],0.0
s_3040[erm],0.0
s_3041[erm],0.0
s_3042[erm],0.0
s_3043[lp],0.0
s_3044[lp],0.0
s_3045[lp],0.0
s_3046[lp],0.0
s_3047[lp],0.0
s_3048[lp],0.0
s_3049[lp],0.0
s_3050[lp],0.0
s_3051[lp],0.0
s_3052[lp],0.0
s_3053[lp],0.0
s_3054[lp],0.0
s_3055[lp],0.0
s_3056[lp],0.0
s_3057[lp],0.0
s_3058[lp],0.0
s_3059[lp],0.0
s_3060[lp],0.0
s_3061[lp],0.0
s_3062[lp],0.0
s_3063[lp],0.0
s_3064[lp],0.0
s_3065[lp],0.0
s_3066[lp],0.0
s_3067[lp],0.0
s_3068[lp],0.0
s_3069[lp],0.0
s_3070[lp],0.0
s_3071[lp],0.0
s_3072[lp],0.0
s_3073[lp],0.0
s_3074[lp],0.0
s_3075[lp],0.0
s_3076[lp],0.0
s_3077[lp],0.0
s_3078[lp],0.0
s_3079[lp],0.0
s_3080[lp],0.0
s_3081[lp],0.0
s_3082[lp],0.0
s_3083[erm],0.018063662804960502
s_3084[erm],0.002115163204244
s_3085[erm],0.0036405126810156
s_3086[erm],0.0011126244390455
s_3087[erm],0.0
s_3088[erm],0.0032501863457754
s_3089[erm],0.0
s_3090[erm],0.0002428888361213
s_3091[erm],0.0
s_3092[mm],0.0
s_3093[mm],0.0
s_3094[mm],0.0079796950921987
s_3095[mm],0.0
s_3096[mm],0.0
s_3097[mm],0.0
s_3098[mm],0.0
s_3099[mm],0.0
s_3100[mm],0.0
s_3101[mm],0.0
s_3102[mm],0.0
s_3103[mm],0.0
s_3104[mm],0.0
s_3105[mm],0.0
s_3106[mm],0.0
s_3107[erm],0.0149530153618892
s_3108[erm],0.008765081909761
s_3109[erm],0.0020037762039889
s_3110[erm],0.0020086039850881997
s_3111[erm],0.0011931623034021
s_3112[erm],0.0
s_3113[erm],0.0028808150436053
s_3114[erm],0.0
s_3115[erm],0.0001458063023307
s_3116[erm],0.0
s_3117[erm],0.001456991262069
s_3118[erm],0.0
s_3119[erm],0.0002122501487622
s_3120[erm],0.0
s_3121[erm],0.0
s_3122[erm],0.0
s_3123[erm],0.0
s_3124[erm],2.3425314112339325e-07
s_3125[erm],0.0
s_3126[erm],0.0
s_3127[erm],0.0
s_3128[mm],0.002226550204499
s_3129[mm],0.0003810706797587
s_3130[mm],0.0023972635714079
s_3131[mm],0.000975079916307
s_3132[mm],0.0008211104132669
s_3133[mm],0.0011931623034021185
s_3134[mm],0.0012012133343269
s_3135[mm],0.0
s_3136[mm],0.0
s_3137[mm],0.0036195576479455
s_3138[mm],0.0026002601049231
s_3139[mm],0.0
s_3140[mm],0.0
s_3141[mm],0.00033997136991190926
s_3142[mm],5.874459828576202e-06
s_3143[mm],0.0
s_3144[mm],0.0
s_3145[gm],0.0
s_3146[gm],0.0
s_3147[gm],0.0
s_3148[gm],0.0
s_3149[gm],0.0
s_3150[gm],0.0
s_3151[gm],0.0
s_3152[gm],0.0
s_3153[gm],0.0
s_3154[gm],0.0
s_3155[gm],0.0
s_3156[gm],0.0
s_3157[gm],0.0
s_3158[gm],0.0
s_3159[gm],0.0
s_3160[gm],0.0
s_3161[gm],0.0
s_3162[gm],0.0
s_3163[vm],0.0
s_3164[vm],2.3425314112339325e-07
s_3165[vm],0.0
s_3166[vm],0.0
s_3167[vm],0.0
s_3168[vm],0.0
s_3169[vm],0.0
s_3170[vm],0.0
s_3171[vm],0.0
s_3172[vm],0.0
s_3173[vm],0.0
s_3174[vm],0.0
s_3175[vm],0.0
s_3176[vm],0.0
s_3177[vm],0.0
s_3178[vm],0.0
s_3179[vm],0.0
s_3180[vm],0.0
s_3181[erm],0.0023972635714079
s_3182[erm],0.018673716917278198
s_3183[erm],0.0
s_3184[erm],0.002115163204244
s_3185[erm],0.0008211104132667777
s_3186[erm],0.0002475437419416
s_3187[erm],0.001201213334326898
s_3188[erm],0.0
s_3189[erm],0.0
s_3190[erm],0.0
s_3191[erm],0.0039001125866276
s_3192[erm],0.0032501863457754
s_3193[erm],0.0
s_3194[erm],0.0
s_3195[erm],0.0004916521320712
s_3196[erm],0.0002428888361213
s_3197[erm],0.0
s_3198[erm],0.0
s_3199[erm],0.002115163204244
s_3200[erm],0.0002475437419416
s_3201[erm],0.0
s_3202[erm],0.0
s_3203[erm],0.0032501863457754
s_3204[erm],0.0
s_3205[erm],0.0002428888361213
s_3206[erm],0.0
s_3207[erm],0.002115163204244
s_3208[erm],0.0002475437419416
s_3209[erm],0.0
s_3210[erm],0.0
s_3211[erm],0.0032501863457754
s_3212[erm],0.0
s_3213[erm],0.0002428888361213
s_3214[erm],0.0
s_3215[erm],0.0002679776668423
s_3216[erm],0.0
s_3217[erm],0.0
s_3218[mm],0.0
s_3219[mm],0.0
s_3220[mm],0.0
s_3221[mm],0.0
s_3222[mm],0.0
s_3223[mm],0.0
s_3224[mm],0.0
s_3225[mm],0.0
s_3226[mm],0.0
s_3227[mm],0.0
s_3228[mm],0.0
s_3229[mm],0.0
s_3230[mm],0.0
s_3231[mm],0.0
s_3232[mm],0.0
s_3233[mm],0.0
s_3234[mm],0.0
s_3235[mm],0.0
s_3236[mm],0.0
s_3237[mm],0.0
s_3238[mm],0.0
s_3239[mm],0.0
s_3240[mm],0.0
s_3241[mm],0.0
s_3242[mm],0.0
s_3243[mm],0.0
s_3244[mm],0.0
s_3245[mm],0.0
s_3246[mm],0.0
s_3247[mm],0.0
s_3248[mm],0.0
s_3249[mm],0.0
s_3250[mm],0.0
s_3251[mm],0.0
s_3252[mm],0.0
s_3253[mm],0.0
s_3254[mm],0.0
s_3255[mm],0.0
s_3256[mm],0.0
s_3257[mm],0.0
s_3258[mm],0.0
s_3259[mm],0.0
s_3260[mm],0.0
s_3261[mm],0.0
s_3262[mm],0.0
s_3263[mm],0.0
s_3264[mm],0.0
s_3265[mm],0.0
s_3266[mm],0.0
s_3267[mm],0.0
s_3268[mm],0.0
s_3269[mm],0.0
s_3270[mm],0.0
s_3271[mm],0.0
s_3272[mm],0.0
s_3273[mm],0.0
s_3274[mm],0.0
s_3275[mm],0.0
s_3276[mm],0.0
s_3277[mm],0.0
s_3278[mm],0.0
s_3279[mm],0.0
s_3280[mm],0.0
s_3281[mm],0.0
s_3282[mm],0.0
s_3283[mm],0.0
s_3284[mm],0.0
s_3285[mm],0.0
s_3286[mm],0.0
s_3287[mm],0.0
s_3288[mm],0.0
s_3289[mm],0.0
s_3290[mm],0.0
s_3291[mm],0.0
s_3292[mm],0.0
s_3293[mm],0.0
s_3294[mm],0.0
s_3295[mm],0.0
s_3296[mm],0.0
s_3297[mm],0.0
s_3298[mm],0.0
s_3299[mm],0.0
s_3300[mm],0.0
s_3301[mm],0.0
s_3302[mm],0.0
s_3303[mm],0.0
s_3304[mm],0.0
s_3305[mm],0.0
s_3306[mm],0.0
s_3307[mm],0.0
s_3308[mm],0.0
s_3309[mm],0.0
s_3310[mm],0.0
s_3311[mm],0.0
s_3312[mm],0.0
s_3313[mm],0.0
s_3314[mm],0.0
s_3315[mm],0.0
s_3316[mm],0.0
s_3317[mm],0.0
s_3318[mm],0.0
s_3319[mm],0.0
s_3320[mm],0.0
s_3321[mm],0.0
s_3322[mm],0.0
s_3323[ce],0.0
s_3324[ce],0.0
s_3325[ce],0.0
s_3326[ce],0.0
s_3327[ce],0.0
s_3328[ce],0.0
s_3329[ce],0.0
s_3330[ce],0.0
s_3331[ce],0.0
s_3332[ce],0.0
s_3333[ce],0.0
s_3334[ce],0.0
s_3335[ce],0.0
s_3336[ce],0.0
s_3337[ce],0.0
s_3338[ce],0.0
s_3339[ce],0.0
s_3340[vm],0.0
s_3341[vm],2.3425314112339325e-07
s_3342[vm],2.3425314112339325e-07
s_3343[vm],0.0
s_3344[vm],0.0
s_3345[vm],0.0
s_3346[vm],0.0
s_3347[vm],0.0
s_3348[vm],0.0
s_3349[vm],0.0
s_3350[vm],0.0
s_3351[vm],0.0
s_3352[vm],0.0
s_3353[vm],0.0
s_3354[vm],2.3425314112339325e-07
s_3355[vm],0.0
s_3356[vm],0.0
s_3357[vm],0.0
s_3358[gm],0.0
s_3359[gm],0.0
s_3360[gm],0.0
s_3361[gm],0.0
s_3362[gm],0.0
s_3363[gm],0.0
s_3364[gm],0.0
s_3365[gm],0.0
s_3366[gm],0.0
s_3367[gm],0.0
s_3368[gm],0.0
s_3369[gm],0.0
s_3370[gm],0.0
s_3371[gm],0.0
s_3372[gm],0.0
s_3373[gm],0.0
s_3374[gm],0.0
s_3375[gm],0.0
s_3376[n],0.0
s_3377[n],0.0
s_3378[n],0.0
s_3379[n],0.0
s_3380[n],0.0
s_3381[n],0.0
s_3382[n],0.0
s_3383[n],0.0
s_3384[n],0.0
s_3385[n],0.0
s_3386[n],0.0
s_3387[n],0.0
s_3388[n],0.0
s_3389[n],0.0
s_3390[n],0.0
s_3391[n],0.0
s_3392[vm],0.0
s_3393[vm],0.0
s_3394[vm],0.0
s_3395[vm],0.0
s_3396[vm],0.0
s_3397[vm],0.0
s_3398[vm],2.3425314112339325e-07
s_3399[vm],0.0
s_3400[n],0.0
s_3401[n],0.0
s_3402[n],0.0
s_3403[n],0.0
s_3404[n],0.0
s_3405[n],0.0
s_3406[n],0.0
s_3407[n],0.0
s_3408[ce],0.0
s_3409[ce],0.0
s_3410[ce],0.0
s_3411[ce],0.0
s_3412[ce],0.0
s_3413[ce],0.0
s_3414[ce],0.0
s_3415[ce],0.0
s_3416[vm],0.0
s_3417[vm],0.0
s_3418[vm],0.0
s_3419[vm],0.0
s_3420[vm],0.0
s_3421[vm],0.0
s_3422[vm],0.0
s_3423[vm],0.0
s_3424[erm],0.0
s_3425[erm],0.0
s_3426[erm],0.0
s_3427[erm],0.0
s_3428[erm],0.0
s_3429[erm],0.0
s_3430[erm],0.0
s_3431[erm],0.0
s_3432[erm],0.0
s_3433[erm],0.0
s_3434[erm],0.0
s_3435[erm],0.0
s_3436[erm],0.0
s_3437[erm],0.0
s_3438[erm],0.0
s_3439[erm],0.0
s_3440[erm],0.0
s_3441[erm],0.0013890645031121
s_3442[erm],0.0026255437376616004
s_3443[erm],0.0
s_3444[erm],0.0
s_3445[erm],0.0
s_3446[erm],0.0
s_3447[erm],0.0
s_3448[ce],0.0
s_3449[ce],0.0
s_3450[ce],0.0
s_3451[ce],0.0
s_3452[ce],0.0
s_3453[ce],0.0
s_3454[ce],0.0
s_3455[ce],0.0
s_3456[ce],0.0
s_3457[ce],0.0
s_3458[ce],0.0
s_3459[ce],0.0
s_3460[ce],0.0
s_3461[ce],0.0
s_3462[ce],0.0
s_3463[ce],0.0
s_3464[ce],0.0
s_3465[ce],0.0
s_3466[ce],0.0
s_3467[ce],0.0
s_3468[ce],0.0
s_3469[ce],0.0
s_3470[ce],0.0
s_3471[ce],0.0
s_3472[ce],0.0
s_3473[ce],0.0
s_3474[ce],0.0
s_3475[ce],0.0
s_3476[ce],0.0
s_3477[ce],0.0
s_3478[ce],0.0
s_3479[ce],0.0
s_3480[ce],0.0
s_3481[ce],0.0
s_3482[ce],0.0
s_3483[ce],0.0
s_3484[ce],0.0
s_3485[ce],0.0
s_3486[ce],0.0
s_3487[ce],0.0
s_3488[ce],0.0
s_3489[ce],0.0
s_3490[ce],0.0
s_3491[ce],0.0
s_3492[ce],0.0
s_3493[ce],0.0
s_3494[ce],0.0
s_3495[ce],0.0
s_3496[c],0.0
s_3497[c],0.0
s_3498[c],0.0
s_3499[c],0.0
s_3500[c],0.0
s_3501[c],0.0
s_3502[c],0.0
s_3503[c],0.0
s_3504[c],0.0
s_3505[c],0.0
s_3506[c],0.0
s_3507[c],0.0
s_3508[c],0.0
s_3509[c],0.0
s_3510[c],0.0
s_3511[c],0.0
s_3512[c],0.0
s_3513[n],0.0
s_3514[n],0.0
s_3515[n],0.0
s_3516[n],0.0
s_3517[n],0.0
s_3518[n],0.0
s_3519[n],0.0
s_3520[n],0.0
s_3521[mm],0.0
s_3522[mm],0.0
s_3523[mm],0.0
s_3524[mm],0.0
s_3525[mm],0.0
s_3526[mm],0.0
s_3527[ce],0.0
s_3528[ce],0.0
s_3529[ce],0.0
s_3530[ce],0.0
s_3531[ce],0.0
s_3532[ce],0.0
s_3533[ce],0.0
s_3534[ce],0.0
s_3535[ce],0.0
s_3536[ce],0.0
s_3537[ce],0.0
s_3538[ce],0.0
s_3539[ce],0.0
s_3540[ce],0.0
s_3541[ce],0.0
s_3542[ce],0.0
s_3543[ce],0.0
s_3544[c],0.0
s_3545[c],0.0
s_3546[c],0.0
s_3547[c],0.0027017323753758
s_3548[c],0.0
s_3549[c],0.0
s_3550[c],0.0
s_3551[c],0.0
s_3552[c],0.0
s_3553[c],0.0
s_3554[c],0.0
s_3555[c],0.0
s_3556[c],0.0
s_3557[c],0.0
s_3558[c],0.0
s_3559[c],0.0
s_3560[erm],0.0
s_3561[erm],0.0
s_3562[erm],0.0
s_3563[erm],0.0
s_3564[erm],0.0
s_3565[erm],0.0
s_3566[erm],2.3425314112339325e-07
s_3567[erm],0.0
s_3568[gm],0.0
s_3569[gm],0.0
s_3570[gm],0.0
s_3571[gm],0.0
s_3572[gm],0.0
s_3573[gm],0.0
s_3574[gm],0.0
s_3575[gm],0.0
s_3576[c],0.0
s_3577[c],0.0
s_3578[c],0.0
s_3579[c],0.0
s_3580[c],0.0
s_3581[c],0.0
s_3582[c],0.0
s_3583[c],0.0
s_3584[erm],0.0
s_3585[erm],0.0
s_3586[erm],0.0
s_3587[erm],0.0
s_3588[erm],0.0
s_3589[erm],0.0
s_3590[erm],0.0
s_3591[erm],0.0
s_3592[ce],0.0
s_3593[ce],0.0
s_3594[ce],0.0
s_3595[ce],0.0
s_3596[ce],0.0
s_3597[ce],0.0
s_3598[ce],0.0
s_3599[ce],0.0
s_3600[c],0.0
s_3601[c],0.0
s_3602[c],0.0
s_3603[c],0.0
s_3604[c],0.0
s_3605[c],0.0
s_3606[c],0.0
s_3607[c],0.0
s_3608[erm],0.0
s_3609[erm],0.0
s_3610[erm],0.0
s_3611[erm],0.0
s_3612[erm],0.0
s_3613[erm],0.0
s_3614[erm],0.0
s_3615[erm],0.0
s_3616[vm],2.3425314112339325e-07
s_3617[vm],0.0
s_3618[vm],0.0
s_3619[vm],0.0
s_3620[vm],0.0
s_3621[vm],0.0
s_3622[vm],0.0
s_3623[vm],0.0
s_3624[gm],0.0
s_3625[gm],0.0
s_3626[gm],0.0
s_3627[gm],0.0
s_3628[gm],0.0
s_3629[gm],0.0
s_3630[gm],0.0
s_3631[gm],0.0
s_3632[c],0.0
s_3633[c],0.0
s_3634[c],0.0
s_3635[c],0.0
s_3636[c],0.0
s_3637[c],0.0
s_3638[c],0.0
s_3639[c],0.0
s_3640[vm],0.0
s_3641[vm],0.0
s_3642[vm],0.0
s_3643[vm],0.0
s_3644[vm],0.0
s_3645[vm],0.0
s_3646[vm],0.0
s_3647[vm],0.0
s_3648[gm],0.0
s_3649[gm],0.0
s_3650[gm],0.0
s_3651[gm],0.0
s_3652[gm],0.0
s_3653[gm],0.0
s_3654[gm],0.0
s_3655[gm],0.0
s_3656[lp],0.0
s_3657[lp],0.0
s_3658[lp],0.0
s_3659[lp],0.0
s_3660[lp],0.0
s_3661[lp],0.0
s_3662[lp],0.0
s_3663[lp],0.0
s_3664[lp],0.0
s_3665[lp],0.0
s_3666[lp],0.0
s_3667[lp],0.0
s_3668[lp],0.0
s_3669[ce],0.0
s_3670[ce],0.0
s_3671[lp],0.0
s_3672[lp],0.0
s_3673[lp],0.0
s_3674[lp],0.0
s_3675[m],0.0
s_3676[m],0.0
s_3677[m],0.0
s_3678[m],0.0
s_3679[m],0.0
s_3680[m],0.0
s_3681[m],0.0
s_3682[m],0.0
s_3683[m],0.0
s_3684[lp],0.0
s_3685[lp],0.0
s_3686[lp],0.0
s_3687[lp],0.0
s_3688[lp],0.0
s_3689[lp],0.0
s_3690[lp],0.0
s_3691[lp],0.0
s_3692[lp],0.0
s_3693[lp],0.0
s_3694[lp],0.0
s_3695[lp],0.0
s_3696[lp],0.0
s_3697[lp],0.0
s_3698[lp],0.0
s_3699[lp],0.0
s_3700[lp],0.0
s_3701[lp],0.0
s_3702[lp],0.0
s_3703[lp],0.0
s_3704[lp],0.0
s_3705[lp],0.0
s_3706[lp],0.0
s_3707[lp],0.0
s_3708[lp],0.0
s_3709[erm],0.0
s_3710[erm],0.0
s_3711[erm],0.0
s_3712[erm],0.0
s_3713[erm],0.0
s_3714[c],0.1860563944124755
s_3715[e],0.0
s_3716[e],0.0
s_3717[c],0.1860563944124755
s_3718[c],0.1860563944124755
s_3719[c],0.1860563944124755
s_3720[c],0.1860563944124755
s_3721[g],0.0
s_3722[c],0.0
s_3723[c],0.0
s_3724[c],0.0
s_3725[c],0.0
s_3726[er],0.0
s_3727[c],0.0
s_3728[er],0.0
s_3729[c],0.0
s_3730[erm],0.0
s_3731[c],0.0
s_3732[erm],0.0
s_3733[c],0.0
s_3734[erm],0.0
s_3735[c],0.0
s_3736[mm],0.0
s_3737[c],0.0
s_3738[mm],0.0
s_3739[c],0.0
s_3740[c],0.1860563944124755
s_3741[c],0.1860563944124755
s_3742[c],0.1860563944124755
s_3743[c],0.1860563944124755
s_3744[c],0.0
s_3745[c],0.0
s_3746[c],0.1860563944124755
s_3747[c],0.1860563944124755
s_3748[m],0.0
s_3749[m],0.0
s_3750[c],0.0
s_3751[n],0.0
s_3752[n],0.0
s_3753[n],0.0
s_3754[m],0.0
s_3755[m],0.0
s_3756[m],0.0
s_3757[v],0.0
s_3758[v],0.0
s_3759[v],0.0
s_3760[c],0.0
s_3761[c],0.0
s_3762[c],0.0
s_3763[c],0.0
s_3764[er],0.0
s_3765[er],0.0
s_3766[er],0.0
s_3767[er],0.0
s_3768[c],0.0
s_3769[p],0.0
s_3770[p],0.0
s_3771[er],0.0
s_3772[er],0.0
s_3773[er],0.0
s_3774[er],0.0
s_3775[v],0.0
s_3776[v],0.0
s_3777[v],0.0
s_3778[c],0.18629640716126752
s_3779[v],0.0
s_3780[v],0.0
s_3781[er],0.0
s_3782[c],0.0
s_3783[e],0.0
s_3784[m],0.0
s_3785[m],0.0
s_3786[m],0.0
s_3787[er],0.0
s_3788[erm],0.0
s_3789[c],0.0
s_3790[c],0.0
s_3791[c],0.0
s_3792[c],0.0
s_3793[c],0.0
s_3794[c],0.0
s_3795[c],0.0
s_3796[c],0.0
s_3797[c],0.0
s_3798[c],0.0
s_3799[c],0.0
s_3800[c],0.0
s_3801[c],0.186056511374957
s_3802[er],1.1696248146568088e-07
s_3805[c],0.0
s_3806[c],0.0
s_3807[c],0.0
s_3808[m],0.0
s_3809[m],0.0
s_3810[c],0.0
s_3811[m],0.0
s_3812[m],0.0
s_3813[m],0.0
s_3814[c],0.0
s_3815[c],0.0
s_3816[c],0.0
s_3817[c],0.0
s_3818[n],0.0
s_3819[n],0.0
s_3820[n],0.0
s_3821[n],0.0
s_3822[c],0.18615734111862942
s_3823[er],0.0
s_3824[er],0.0
s_3825[er],0.0
s_3826[m],0.0
s_3827[m],0.0
s_3828[c],0.0
s_3829[c],0.0
s_3830[er],0.0
s_3831[er],0.0
s_3832[er],0.0
s_3833[er],0.0
s_3834[c],0.0
s_3835[c],0.0
s_3836[c],0.0
s_3837[c],0.0
s_3838[v],0.0
s_3839[v],0.0
s_3840[v],0.0
s_3841[c],0.0
s_3842[p],0.0
s_3843[p],0.0
s_3844[p],0.0
s_3845[p],0.0
s_3846[c],0.0
s_3847[c],0.0
s_3848[p],0.0
s_3849[p],0.0
s_3850[p],0.0
s_3851[c],0.0
s_3852[c],0.0
s_3853[c],0.0
s_3854[c],0.0
s_3855[m],0.0
s_3856[c],0.0
s_3857[c],0.0
s_3858[c],0.0
s_3859[c],0.0
s_3860[c],0.0
s_3861[c],0.0
s_3862[c],0.0
s_3863[m],0.0
s_3864[m],0.0
s_3865[e],0.0
s_3866[c],0.0
s_3867[c],0.0
s_3868[c],0.0
s_3869[c],0.0
s_3870[c],0.0
s_3871[c],0.0
s_3872[c],0.0
s_3873[c],0.0
s_3874[c],0.0
s_3875[c],0.0
s_3876[c],0.0
s_3877[c],0.0
s_3878[er],0.0
s_3879[er],0.0
s_3880[c],0.18609676865006303
s_3881[v],0.0
s_3882[v],0.0
s_3883[v],0.0
s_3884[c],0.0
s_3885[c],0.0
s_3886[er],0.0
s_3887[er],0.0
s_3888[er],0.0
s_3889[er],0.0
s_3890[er],0.0
s_3891[er],0.0
s_3892[er],0.0
s_3893[er],0.0
s_3894[er],0.0
s_3895[er],0.0
s_3896[er],0.0
s_3897[v],0.0
s_3898[v],0.0
s_3899[v],0.0
s_3900[v],0.0
s_3901[v],0.0
s_3902[v],0.0
s_3903[c],0.0
s_3904[c],0.0
s_3905[m],0.0
s_3906[m],0.0
s_3907[m],0.0
s_3908[m],0.0
s_3909[c],0.0
s_3910[c],0.0
s_3911[er],0.0
s_3912[er],0.0
s_3913[c],0.0
s_3914[c],0.0
s_3915[c],0.0
s_3916[c],0.0
s_3917[c],0.0
s_3918[c],0.0
s_3923[c],0.0
s_3924[m],0.0
s_3925[m],0.0
s_3926[g],0.0
s_3927[c],0.0
s_3928[c],0.0
s_3929[c],0.0
s_3930[c],0.0
s_3931[c],0.0
s_3932[er],0.0
s_3933[er],0.0
s_3934[c],0.0
s_3935[c],0.0
s_3936[e],0.0
s_3937[er],0.0
s_3938[er],0.0
s_3939[er],0.0
s_3940[c],0.0
s_3941[c],0.0
s_3942[p],0.0
s_3943[p],0.0
s_3944[m],0.0
s_3945[m],0.0
s_3946[m],0.0
s_3947[m],0.0
s_3948[c],0.0
s_3949[c],0.0
s_3950[c],0.0
s_3951[c],0.0
s_3952[c],0.0
s_3953[c],0.0
s_3954[c],0.0
s_3958[c],0.0
s_3959[c],0.0
s_3960[c],0.0
s_3961[c],0.0
s_3962[c],0.0
s_3963[c],0.0
s_3964[c],0.0
s_3965[c],0.0
s_3966[c],0.0
s_3967[c],0.0
s_3968[c],0.0
s_3969[c],0.0
s_3970[c],0.0
s_3971[c],0.0
s_3972[c],0.0
s_3973[c],0.0
s_3974[c],0.0
s_3975[c],0.0
s_3976[c],0.0
s_3977[c],0.0
s_3978[c],0.0
s_3979[c],0.0
s_3980[c],0.0
s_3981[c],0.0
s_3982[c],0.0
s_3983[c],0.0
s_3984[c],0.0
s_3985[erm],0.0
s_3986[gm],0.0
s_3987[erm],0.0
s_3988[c],0.0
s_3989[er],0.0
s_3990[er],0.0
s_3991[c],0.0
s_3992[c],0.0
s_3993[er],0.0
s_3994[er],0.0
s_3995[er],0.0
s_3996[er],0.0
s_3997[c],0.0
s_3998[c],0.0
s_3999[c],0.0
s_4000[c],0.0
s_4001[er],0.0
s_4002[er],0.0
s_4003[er],0.0
s_4004[m],0.0
s_4005[m],0.0
s_4006[m],0.0
s_4007[m],0.0
s_4008[m],0.0
s_4009[m],0.0
s_4010[m],0.0
s_4011[m],0.0
s_4012[m],0.0
s_4013[c],0.1862875769247887
s_4014[m],0.0
s_4015[er],0.0
s_4016[er],0.0
s_4017[c],0.0
s_4018[c],0.0
s_4019[c],0.1861790055763933
s_4020[g],0.0
s_4021[c],0.0
s_4022[m],0.0
s_4023[c],0.0
s_4024[c],0.0
s_4025[g],0.0
s_4026[m],0.0
s_4027[v],0.0
s_4028[m],0.0
s_4029[m],0.0
s_4030[m],0.0
s_4031[v],0.0
s_4032[c],0.0
s_4033[c],0.0
s_4034[e],0.0
s_4035[c],0.0
s_4036[v],0.0
s_4037[e],0.0
s_4038[c],0.0
s_4039[v],0.0
s_4040[e],0.0
s_4041[c],0.0
s_4042[v],0.0
s_4043[v],0.0
s_4044[c],0.0
s_4045[e],0.0
s_4046[c],0.0
s_4047[e],0.0
s_4048[c],0.0
s_4049[e],0.0
s_4050[e],0.0
s_4051[c],0.0
s_4052[v],0.0
s_4053[e],0.0
s_4054[c],0.0
s_4055[v],0.0
s_4056[e],0.0
s_4057[c],0.0
s_4058[v],0.0
s_4059[e],0.0
s_4060[c],0.0
s_4061[v],0.0
s_4062[c],0.0
s_4063[e],0.0
s_4064[c],0.0
s_4065[e],0.0
s_4066[c],0.0
s_4067[e],0.0
s_4068[c],0.0
s_4069[e],0.0
s_4070[e],0.0
s_4071[c],0.0
s_4072[c],0.0
s_4073[c],0.0
s_4074[e],0.0
s_4075[e],0.0
s_4076[c],0.0
s_4077[c],0.0
s_4078[e],0.0
s_4079[c],0.0
s_4080[e],0.0
s_4081[c],0.0
s_4082[e],0.0
s_4083[c],0.0
s_4084[e],0.0
s_4085[e],0.0
s_4086[c],0.0
s_4087[v],0.0
s_4088[c],0.0
s_4089[c],0.0
s_4090[e],0.0
s_4091[e],0.0
s_4092[c],0.0
s_4093[e],0.0
s_4094[c],0.0
s_4095[e],0.0
s_4096[c],0.0
s_4097[e],0.0
s_4098[c],0.0
s_4099[e],0.0
s_4100[c],0.0
s_4101[e],0.0
s_4102[c],0.0
s_4103[e],0.0
s_4104[c],0.0
s_4105[e],0.0
s_4106[c],0.0
s_4107[e],0.0
s_4108[c],0.0
s_4109[e],0.0
s_4110[c],0.0
s_4111[e],0.0
s_4112[c],0.0
s_4113[c],0.0
s_4114[e],0.0
s_4115[c],0.0
s_4116[e],0.0
s_4117[c],0.0
s_4118[e],0.0
s_4119[e],0.0
s_4120[c],0.0
s_4121[v],0.0
s_4122[c],0.0
s_4123[c],0.0
s_4124[e],0.0
s_4125[e],0.0
s_4126[c],0.0
s_4127[e],0.0
s_4128[c],0.0
s_4129[c],0.0
s_4130[e],0.0
s_4131[e],0.0
s_4132[c],0.0
s_4133[e],0.0
s_4134[c],0.0
s_4135[e],0.0
s_4136[c],0.0
s_4137[e],0.0
s_4138[c],0.0
s_4139[e],0.0
s_4140[e],0.0
s_4141[e],0.0
s_4142[e],0.0
s_4143[e],0.0
s_4144[c],0.0
s_4145[e],0.0
s_4146[e],0.1794392998105584
s_4147[e],0.0
s_4148[e],0.0
s_4149[e],0.0
s_4150[e],0.0
s_4151[e],0.0
s_4152[e],0.0
s_4153[e],0.0
s_4154[e],0.0
s_4155[e],0.0
s_4156[e],0.0
s_4157[e],2.6687166990607603
s_4158[e],0.0
s_4159[e],0.0
s_4160[e],0.0
s_4161[e],0.0
s_4162[e],0.0
s_4163[e],0.0
s_4164[e],0.0
s_4165[e],0.0
s_4166[e],0.0
s_4167[e],0.0
s_4168[e],0.0
s_4169[c],0.0
s_4170[e],0.0
s_4171[c],0.0
s_4172[e],0.0
s_4173[c],0.0
s_4174[e],0.0
s_4175[c],0.0
s_4176[e],0.0
s_4177[c],0.0
s_4178[c],0.0
s_4179[c],0.0
s_4180[c],0.0
s_4181[c],0.0
s_4182[c],4.151553675898514e-05
s_4183[c],4.6693298217000304e-05
s_4184[c],0.0
s_4185[c],0.0
s_4186[c],0.0
s_4187[c],0.0
s_4188[c],0.0
s_4189[c],3.535071493834278e-05
s_4190[c],0.1573495446776964
s_4191[c],0.1573495446776964
s_4192[c],0.0
s_4193[c],0.0
s_4194[c],0.0
s_4195[c],0.0
s_4196[g],0.0
s_4197[g],0.0
s_4198[g],0.0
s_4199[e],1.3374513502689135e-36
s_4200[e],5.349805401075655e-36
s_4201[e],0.0
s_4202[e],0.000507933956746
s_4203[e],3.822347686660068e-05
s_4204[e],0.0
s_4205[c],0.1860563944124755
s_4206[c],0.1860563944124755
